protocol,total_packets,syn(common),"[syn,ack](common)",final_ack(common),syn_ratio(common),syn_ack_rate(common),ack_ratio(common),get_count,get_ratio,avg_pkt_size,unique_uri_ratio,avg_session_duration,num_contributing_ips,label
TCP,4,0,0,0,0,0,0,0,0,103,0,0.338,2,Normal
TCP,25,0,0,0,0,0,0,0,0,400.92,0,0.986,2,Normal
TCP,22,0,0,0,0,0,0,0,0,115.41,0,2.186,2,Normal
TCP,22,0,0,0,0,0,0,0,0,195.5,0,3.014,2,Normal
TCP,20,0,1,0,0,0,0,0,0,790.65,0,3.259,2,Normal
TCP,35,0,0,0,0,0,0,0,0,123.54,0,4.428,2,Normal
TCP,17,0,0,0,0,0,0,0,0,156.06,0,4.974,2,Normal
TCP,16,0,0,0,0,0,0,0,0,141.56,0,5.781,2,Normal
TCP,23,1,0,0,0.043,0,0,0,0,123.57,0,4.712,3,Normal
TCP,25,0,0,0,0,0,0,0,0,431.8,0,3.728,3,Normal
TCP,16,0,0,0,0,0,0,0,0,146.56,0,4.179,2,Normal
TCP,15,0,0,0,0,0,0,0,0,143.47,0,4.581,2,Normal
TCP,89,0,0,0,0,0,0,0,0,294.39,0,5.127,2,Normal
TCP,34,0,0,0,0,0,0,0,0,367.82,0,5.511,2,Normal
TCP,93,1,0,0,0.011,0,0,0,0,6497.68,0,5.794,4,Normal
TCP,56,0,0,0,0,0,0,0,0,5704.36,0,6.08,2,Normal
TCP,24,1,0,0,0.042,0,0,0,0,2290.5,0,6.795,3,Normal
TCP,51,0,0,0,0,0,0,0,0,6155.43,0,6.727,2,Normal
TCP,76,0,0,0,0,0,0,0,0,1422.57,0,7.092,2,Normal
TCP,100,0,0,0,0,0,0,0,0,1491.51,0,7.332,2,Normal
TCP,100,1,0,0,0.01,0,0,0,0,917.85,0,6.671,3,Normal
TCP,33,0,0,0,0,0,0,0,0,1855.39,0,6.911,2,Normal
TCP,42,0,0,0,0,0,0,0,0,4967.1,0,7.229,2,Normal
TCP,100,0,0,0,0,0,0,0,0,3878.5,0,8.721,3,Normal
TCP,100,0,0,0,0,0,0,0,0,3583.44,0,8.831,2,Normal
TCP,100,0,0,0,0,0,0,0,0,2589.62,0,9.172,2,Normal
TCP,100,1,0,0,0.01,0,0,0,0,1909.74,0,8.243,3,Normal
TCP,100,1,0,0,0.01,0,0,0,0,1557.34,0,7.702,3,Normal
TCP,100,1,0,0,0.01,0,0,0,0,2038.57,0,7.074,3,Normal
TCP,100,0,0,0,0,0,0,0,0,1861.22,0,7.616,3,Normal
TCP,100,0,0,0,0,0,0,0,0,3424.48,0,7.875,2,Normal
TCP,100,0,0,0,0,0,0,0,0,2706.68,0,7.947,2,Normal
TCP,100,0,0,0,0,0,0,0,0,3862.55,0,8.207,2,Normal
TCP,100,0,0,0,0,0,0,0,0,3182.06,0,8.271,2,Normal
TCP,100,0,0,0,0,0,0,0,0,3372.33,0,8.341,2,Normal
TCP,100,0,0,0,0,0,0,0,0,2803.56,0,8.593,2,Normal
TCP,100,0,0,0,0,0,0,0,0,3040.59,0,8.66,2,Normal
TCP,100,0,0,0,0,0,0,0,0,3509.81,0,8.82,2,Normal
TCP,100,0,0,0,0,0,0,0,0,2944.61,0,8.986,2,Normal
TCP,100,0,0,0,0,0,0,0,0,3201.43,0,9.064,2,Normal
TCP,100,0,0,0,0,0,0,0,0,3387.3,0,9.316,2,Normal
TCP,100,0,0,0,0,0,0,0,0,2733.15,0,9.475,2,Normal
TCP,100,0,0,0,0,0,0,0,0,2496.02,0,10.458,3,Normal
TCP,100,0,0,0,0,0,0,0,0,2657.31,0,10.52,2,Normal
TCP,100,0,0,0,0,0,0,0,0,2587.65,0,10.766,2,Normal
TCP,100,0,0,0,0,0,0,0,0,2625.9,0,10.833,2,Normal
TCP,100,0,0,0,0,0,0,0,0,2600.54,0,10.896,2,Normal
TCP,100,0,0,0,0,0,0,0,0,1858.7,0,11.119,2,Normal
TCP,100,0,0,0,0,0,0,0,0,2997.55,0,11.184,2,Normal
TCP,100,0,0,0,0,0,0,0,0,2779.85,0,11.713,3,Normal
TCP,100,0,0,0,0,0,0,0,0,2939.79,0,11.962,2,Normal
TCP,100,0,0,0,0,0,0,0,0,2995.95,0,12.028,2,Normal
TCP,100,0,0,0,0,0,0,0,0,2781.45,0,12.09,2,Normal
TCP,100,0,0,0,0,0,0,0,0,2640.04,0,12.341,2,Normal
TCP,100,0,0,0,0,0,0,0,0,2633.46,0,12.408,2,Normal
TCP,100,0,0,0,0,0,0,0,0,2489.83,0,12.566,2,Normal
TCP,100,1,0,0,0.01,0,0,0,0,2568.04,0,11.67,3,Normal
TCP,100,0,0,0,0,0,0,0,0,2883.3,0,11.742,2,Normal
TCP,100,0,0,0,0,0,0,0,0,2444.67,0,11.964,2,Normal
TCP,100,0,0,0,0,0,0,0,0,3407.81,0,12.037,2,Normal
TCP,100,0,0,0,0,0,0,0,0,3495.62,0,12.186,2,Normal
TCP,100,0,0,0,0,0,0,0,0,3461.83,0,12.333,2,Normal
TCP,100,0,0,0,0,0,0,0,0,3300.72,0,13.235,3,Normal
TCP,100,0,0,0,0,0,0,0,0,3400.1,0,13.461,2,Normal
TCP,100,0,0,0,0,0,0,0,0,3189.64,0,13.557,2,Normal
TCP,100,0,0,0,0,0,0,0,0,2988.07,0,13.665,2,Normal
TCP,100,0,0,0,0,0,0,0,0,2775.36,0,13.726,2,Normal
TCP,100,0,0,0,0,0,0,0,0,2651.54,0,13.958,2,Normal
TCP,100,0,0,0,0,0,0,0,0,2463.46,0,14.014,2,Normal
TCP,100,0,0,0,0,0,0,0,0,2601.52,0,14.503,3,Normal
TCP,100,1,0,0,0.01,0,0,0,0,2622.75,0,13.596,3,Normal
TCP,100,0,0,0,0,0,0,0,0,2493.77,0,13.699,2,Normal
TCP,100,1,0,0,0.01,0,0,0,0,2672.71,0,12.817,3,Normal
TCP,100,2,0,0,0.02,0,0,0,0,2372.01,0,11.257,4,Normal
TCP,100,0,0,0,0,0,0,0,0,2443.39,0,11.434,3,Normal
TCP,100,0,0,0,0,0,0,0,0,2529.64,0,11.48,2,Normal
TCP,100,0,0,0,0,0,0,0,0,2797.28,0,11.529,2,Normal
TCP,100,0,0,0,0,0,0,0,0,2346.79,0,11.702,2,Normal
TCP,100,0,0,0,0,0,0,0,0,2646.65,0,11.751,2,Normal
TCP,100,1,0,0,0.01,0,0,0,0,2985.44,0,11.185,3,Normal
TCP,100,0,0,0,0,0,0,0,0,2735.34,0,11.229,2,Normal
TCP,100,0,0,0,0,0,0,0,0,2556.33,0,11.331,2,Normal
TCP,100,0,0,0,0,0,0,0,0,1652.44,0,11.439,2,Normal
TCP,100,3,0,0,0.03,0,0,0,0,2762.43,0,10.277,6,Normal
TCP,100,0,0,0,0,0,0,0,0,3164.84,0,10.416,2,Normal
TCP,100,0,0,0,0,0,0,0,0,2095.16,0,10.442,2,Normal
TCP,100,0,0,0,0,0,0,0,0,3849.99,0,10.525,2,Normal
TCP,100,0,0,0,0,0,0,0,0,3659.58,0,10.61,2,Normal
TCP,100,0,0,0,0,0,0,0,0,3420.97,0,10.708,2,Normal
TCP,100,0,0,0,0,0,0,0,0,3050.64,0,11.016,3,Normal
TCP,100,0,0,0,0,0,0,0,0,3985.03,0,11.083,2,Normal
TCP,95,0,0,0,0,0,0,0,0,2067.32,0,11.134,2,Normal
TCP,96,0,0,0,0,0,0,0,0,1476.98,0,11.285,2,Normal
TCP,100,0,0,0,0,0,0,0,0,1326.52,0,11.332,2,Normal
TCP,100,0,0,0,0,0,0,0,0,1258.52,0,11.477,2,Normal
TCP,100,0,0,0,0,0,0,0,0,1321.95,0,11.524,2,Normal
TCP,100,3,2,2,0.03,0.667,0.667,0,0,1137.1,0,10.143,4,Normal
TCP,100,1,1,1,0.01,1,1,0,0,1060.75,0,9.735,4,Normal
TCP,100,0,0,0,0,0,0,0,0,1474.55,0,9.816,2,Normal
TCP/HTTP,551,36,17,17,0.065,0.472,0.472,17,0.031,556.4,1,4.003,54,Normal
TCP/HTTP,361,8,1,0,0.022,0.125,0,4,0.011,705.62,1,2.964,47,Normal
TCP/HTTP,301,17,5,5,0.056,0.294,0.294,11,0.037,546.32,1,2.262,33,Normal
TCP/HTTP,300,4,2,2,0.013,0.5,0.5,3,0.01,767.4,1,2.008,41,Normal
TCP/HTTP,431,17,8,8,0.039,0.471,0.471,9,0.021,827.64,1,1.712,41,Normal
TCP/HTTP,301,5,5,5,0.017,1,1,4,0.013,728.74,1,1.505,43,Normal
TCP/HTTP,130,12,2,2,0.092,0.167,0.167,5,0.038,374.58,1,1.41,32,Normal
TCP/HTTP,166,15,3,3,0.09,0.2,0.2,7,0.042,229.29,1,1.299,48,Normal
TCP/HTTP,126,11,0,0,0.087,0,0,5,0.04,134.21,0.8,1.213,36,Normal
TCP/HTTP,155,13,7,6,0.084,0.538,0.462,4,0.026,132.15,1,1.085,45,Normal
TCP/HTTP,154,21,3,3,0.136,0.143,0.143,10,0.065,138.19,1,1.03,38,Normal
TCP/HTTP,118,8,1,1,0.068,0.125,0.125,3,0.025,166.52,1,0.978,44,Normal
TCP/HTTP,166,19,2,2,0.114,0.105,0.105,9,0.054,236.39,1,0.918,44,Normal
TCP/HTTP,93,2,8,8,0.022,4,4,5,0.054,309.85,1,0.903,35,Normal
TCP/HTTP,256,10,2,2,0.039,0.2,0.2,5,0.02,411.27,1,0.86,38,Normal
TCP/HTTP,138,7,3,3,0.051,0.429,0.429,2,0.014,327.25,1,0.845,31,Normal
TCP/HTTP,131,14,5,5,0.107,0.357,0.357,7,0.053,234.59,1,0.828,33,Normal
TCP/HTTP,149,15,2,2,0.101,0.133,0.133,9,0.06,251.05,0.889,0.794,30,Normal
TCP/HTTP,105,5,2,2,0.048,0.4,0.4,4,0.038,409.03,1,0.8,33,Normal
TCP/HTTP,108,10,1,1,0.093,0.1,0.1,4,0.037,182.18,1,0.797,32,Normal
TCP/HTTP,287,25,2,2,0.087,0.08,0.08,15,0.052,565.56,1,0.782,34,Normal
TCP/HTTP,363,4,3,3,0.011,0.75,0.75,8,0.022,515.52,1,0.771,35,Normal
TCP/HTTP,177,15,2,2,0.085,0.133,0.133,12,0.068,377.99,1,0.766,30,Normal
TCP/HTTP,164,2,3,3,0.012,1.5,1.5,7,0.043,673.79,1,0.785,32,Normal
TCP/HTTP,183,4,0,0,0.022,0,0,8,0.044,794.87,1,0.927,28,Normal
TCP/HTTP,226,5,0,0,0.022,0,0,2,0.009,812.25,1,0.955,36,Normal
TCP/HTTP,129,13,1,1,0.101,0.077,0.077,5,0.039,321.38,1,0.928,40,Normal
TCP/HTTP,189,18,3,3,0.095,0.167,0.167,10,0.053,336.89,0.9,0.906,44,Normal
TCP/HTTP,157,13,0,0,0.083,0,0,6,0.038,298.19,1,1,46,Normal
TCP/HTTP,187,34,29,29,0.182,0.853,0.853,8,0.043,130.27,1,0.955,49,Normal
TCP/HTTP,178,23,3,3,0.129,0.13,0.13,11,0.062,139.77,1,0.939,39,Normal
TCP/HTTP,100,6,3,3,0.06,0.5,0.5,6,0.06,244.46,1,0.963,36,Normal
TCP/HTTP,163,15,6,6,0.092,0.4,0.4,11,0.067,216.31,1,0.956,46,Normal
TCP/HTTP,72,0,0,0,0,0,0,4,0.056,271.54,1,0.961,31,Normal
TCP/HTTP,113,8,2,2,0.071,0.25,0.25,6,0.053,383.62,1,0.961,34,Normal
TCP/HTTP,172,2,0,0,0.012,0,0,3,0.017,768.33,1,0.962,27,Normal
TCP/HTTP,316,10,0,0,0.032,0,0,6,0.019,494.83,1,0.981,47,Normal
TCP/HTTP,552,16,0,0,0.029,0,0,7,0.013,778.68,0.857,0.979,41,Normal
TCP/HTTP,626,4,0,0,0.006,0,0,5,0.008,968.48,1,0.993,43,Normal
TCP/HTTP,216,10,0,0,0.046,0,0,5,0.023,632.74,1,0.986,36,Normal
TCP/HTTP,203,20,0,0,0.099,0,0,11,0.054,408.85,1,0.981,31,Normal
TCP/HTTP,80,4,0,0,0.05,0,0,2,0.025,369.19,1,0.984,25,Normal
TCP/HTTP,115,14,2,2,0.122,0.143,0.143,6,0.052,224.7,1,0.995,20,Normal
TCP/HTTP,60,0,0,0,0,0,0,0,0,146.18,0,1.012,34,Normal
TCP/HTTP,49,4,0,0,0.082,0,0,2,0.041,167.02,1,1.019,20,Normal
TCP/HTTP,61,5,0,0,0.082,0,0,3,0.049,119.77,1,1.043,27,Normal
TCP/HTTP,101,11,2,2,0.109,0.182,0.182,5,0.05,161.48,1,1.047,31,Normal
TCP/HTTP,130,16,0,0,0.123,0,0,6,0.046,191.05,1,1.047,32,Normal
TCP/HTTP,100,6,2,2,0.06,0.333,0.333,4,0.04,140,0.75,1.072,39,Normal
TCP/HTTP,91,13,1,1,0.143,0.077,0.077,5,0.055,86.96,1,1.096,27,Normal
TCP/HTTP,162,22,2,2,0.136,0.091,0.091,11,0.068,92.68,1,1.126,30,Normal
TCP/HTTP,65,7,0,0,0.108,0,0,1,0.015,143.91,1,1.128,27,Normal
TCP/HTTP,158,13,5,5,0.082,0.385,0.385,10,0.063,331.03,1,1.127,38,Normal
TCP/HTTP,81,1,0,0,0.012,0,0,0,0,710.32,0,1.121,23,Normal
TCP/HTTP,136,7,1,1,0.051,0.143,0.143,3,0.022,352.61,1,1.12,36,Normal
TCP/HTTP,108,4,1,1,0.037,0.25,0.25,2,0.019,497.65,1,1.125,39,Normal
TCP/HTTP,171,11,2,2,0.064,0.182,0.182,5,0.029,237.52,1,1.149,60,Normal
TCP/HTTP,180,19,1,1,0.106,0.053,0.053,8,0.044,242.81,0.75,1.146,35,Normal
TCP/HTTP,147,4,0,0,0.027,0,0,2,0.014,445.4,1,1.152,35,Normal
TCP/HTTP,123,14,0,0,0.114,0,0,4,0.033,244.24,1,1.242,37,Normal
TCP/HTTP,249,36,14,14,0.145,0.389,0.389,12,0.048,150.72,1,1.325,32,Normal
TCP/HTTP,120,2,2,2,0.017,1,1,1,0.008,309.64,1,1.336,35,Normal
TCP/HTTP,141,19,1,1,0.135,0.053,0.053,6,0.043,241.42,1,1.547,28,Normal
TCP/HTTP,73,0,7,7,0,0,0,0,0,175.1,0,1.539,28,Normal
TCP/HTTP,339,6,0,0,0.018,0,0,4,0.012,427.68,1,1.617,47,Normal
TCP/HTTP,163,2,0,0,0.012,0,0,2,0.012,664.45,1,1.618,27,Normal
TCP/HTTP,164,13,1,1,0.079,0.077,0.077,5,0.03,293.83,1,1.626,36,Normal
TCP/HTTP,133,17,1,1,0.128,0.059,0.059,8,0.06,208.65,0.75,1.624,29,Normal
TCP/HTTP,82,6,0,0,0.073,0,0,2,0.024,282.89,1,1.639,25,Normal
TCP/HTTP,111,17,2,2,0.153,0.118,0.118,6,0.054,170.53,1,1.631,24,Normal
TCP/HTTP,272,24,7,7,0.088,0.292,0.292,12,0.044,246.12,1,1.621,45,Normal
TCP/HTTP,456,10,6,6,0.022,0.6,0.6,1,0.002,508.3,1,1.713,56,Normal
TCP/HTTP,362,12,0,0,0.033,0,0,8,0.022,446.96,1,1.703,57,Normal
TCP/HTTP,196,3,4,4,0.015,1.333,1.333,1,0.005,205.07,1,1.696,47,Normal
TCP/HTTP,165,7,1,1,0.042,0.143,0.143,4,0.024,301.66,1,1.71,41,Normal
TCP/HTTP,176,2,0,0,0.011,0,0,1,0.006,332.84,1,1.708,41,Normal
TCP/HTTP,181,12,1,1,0.066,0.083,0.083,6,0.033,236.84,1,1.718,47,Normal
TCP/HTTP,374,16,0,0,0.043,0,0,9,0.024,540.11,0.778,1.725,46,Normal
TCP/HTTP,166,7,0,0,0.042,0,0,8,0.048,433.78,1,1.723,44,Normal
TCP/HTTP,229,17,5,5,0.074,0.294,0.294,6,0.026,185.26,1,1.736,43,Normal
TCP/HTTP,189,20,0,0,0.106,0,0,10,0.053,222.02,1,1.746,41,Normal
TCP/HTTP,85,4,1,1,0.047,0.25,0.25,3,0.035,312.27,1,1.748,32,Normal
TCP/HTTP,134,10,0,0,0.075,0,0,8,0.06,151.54,1,1.765,49,Normal
TCP/HTTP,34,0,0,0,0,0,0,0,0,254.61,0,1.766,19,Normal
TCP/HTTP,194,7,0,0,0.036,0,0,3,0.015,224.63,1,1.798,46,Normal
TCP/HTTP,221,2,0,0,0.009,0,0,1,0.005,502.86,1,1.804,45,Normal
TCP/HTTP,95,12,0,0,0.126,0,0,5,0.053,168.73,1,1.814,24,Normal
TCP/HTTP,119,20,0,0,0.168,0,0,8,0.067,91.73,0.75,1.817,22,Normal
TCP/HTTP,104,2,3,3,0.019,1.5,1.5,2,0.019,96.77,1,1.827,43,Normal
TCP/HTTP,110,11,1,1,0.1,0.091,0.091,4,0.036,252.28,1,1.827,30,Normal
TCP/HTTP,217,24,3,3,0.111,0.125,0.125,12,0.055,157.08,1,1.849,49,Normal
TCP/HTTP,72,2,0,0,0.028,0,0,2,0.028,201.68,1,1.864,40,Normal
TCP/HTTP,152,12,0,0,0.079,0,0,6,0.039,295.91,1,1.862,33,Normal
TCP/HTTP,61,1,0,0,0.016,0,0,0,0,362.21,0,1.867,30,Normal
TCP/HTTP,99,9,3,3,0.091,0.333,0.333,3,0.03,237.13,1,1.867,33,Normal
TCP/HTTP,80,2,1,1,0.025,0.5,0.5,2,0.025,210.18,1,1.867,35,Normal
TCP/HTTP,144,12,0,0,0.083,0,0,7,0.049,233.64,1,1.864,44,Normal
TCP/HTTP,138,16,0,0,0.116,0,0,8,0.058,137.31,0.75,1.873,34,Normal
TCP/HTTP,87,4,2,2,0.046,0.5,0.5,4,0.046,249.39,1,1.87,31,Normal
TCP/HTTP,113,12,0,0,0.106,0,0,7,0.062,172.38,1,1.867,29,Normal
TCP/HTTP,182,20,0,0,0.11,0,0,9,0.049,237.01,1,1.861,44,Normal
TCP/HTTP,132,5,0,0,0.038,0,0,3,0.023,504.26,1,1.865,36,Normal
TCP/HTTP,312,10,0,0,0.032,0,0,6,0.019,614.38,1,1.862,42,Normal
TCP/HTTP,446,4,0,0,0.009,0,0,1,0.002,517.99,1,1.891,45,Normal
TCP/HTTP,160,6,1,1,0.037,0.167,0.167,3,0.019,154.47,1,1.89,39,Normal
TCP/HTTP,247,2,0,0,0.008,0,0,1,0.004,632.68,1,1.891,26,Normal
TCP/HTTP,468,10,0,0,0.021,0,0,5,0.011,728.19,1,1.888,32,Normal
TCP/HTTP,182,15,0,0,0.082,0,0,6,0.033,306.33,1,1.894,44,Normal
TCP/HTTP,123,8,1,1,0.065,0.125,0.125,4,0.033,113.15,0.75,1.954,34,Normal
TCP/HTTP,158,14,4,4,0.089,0.286,0.286,6,0.038,248.39,1,1.944,37,Normal
TCP/HTTP,344,23,0,0,0.067,0,0,11,0.032,349.76,1,1.968,57,Normal
TCP/HTTP,99,3,0,0,0.03,0,0,2,0.02,125.41,1,1.969,30,Normal
TCP/HTTP,117,13,1,1,0.111,0.077,0.077,7,0.06,115.18,1,1.971,28,Normal
TCP/HTTP,132,1,1,0,0.008,1,0,0,0,536.75,0,1.98,30,Normal
TCP/HTTP,150,6,0,0,0.04,0,0,5,0.033,269.1,1,1.993,34,Normal
TCP/HTTP,88,2,0,0,0.023,0,0,2,0.023,450.8,1,2.003,22,Normal
TCP/HTTP,247,15,1,1,0.061,0.067,0.067,7,0.028,298.83,1,2.052,53,Normal
TCP/HTTP,235,25,1,1,0.106,0.04,0.04,9,0.038,380.14,1,2.053,41,Normal
TCP/HTTP,85,5,1,1,0.059,0.2,0.2,5,0.059,175.32,0.8,2.062,28,Normal
TCP/HTTP,134,16,2,2,0.119,0.125,0.125,10,0.075,162.58,1,2.053,35,Normal
TCP/HTTP,140,20,1,1,0.143,0.05,0.05,10,0.071,113.47,1,2.057,35,Normal
TCP/HTTP,312,4,0,0,0.013,0,0,2,0.006,125.65,1,2.058,51,Normal
TCP/HTTP,198,10,0,0,0.051,0,0,6,0.03,532.14,1,2.073,38,Normal
TCP/HTTP,95,4,0,0,0.042,0,0,0,0,363.79,0,2.102,38,Normal
TCP/HTTP,180,7,2,2,0.039,0.286,0.286,4,0.022,193.73,1,2.095,45,Normal
TCP/HTTP,405,8,0,0,0.02,0,0,2,0.005,883.29,1,2.113,34,Normal
TCP/HTTP,406,8,0,0,0.02,0,0,6,0.015,829.26,1,2.122,42,Normal
TCP/HTTP,357,16,2,2,0.045,0.125,0.125,9,0.025,619.07,0.778,2.154,51,Normal
TCP/HTTP,141,4,1,1,0.028,0.25,0.25,2,0.014,463.45,1,2.185,40,Normal
TCP/HTTP,290,15,0,0,0.052,0,0,7,0.024,446.59,1,2.18,46,Normal
TCP/HTTP,250,20,3,3,0.08,0.15,0.15,10,0.04,383.15,1,2.184,52,Normal
TCP/HTTP,200,6,1,1,0.03,0.167,0.167,5,0.025,562.52,1,2.199,35,Normal
TCP/HTTP,219,13,1,1,0.059,0.077,0.077,6,0.027,484.22,1,2.203,38,Normal
TCP/HTTP,171,2,3,3,0.012,1.5,1.5,4,0.023,482.22,1,2.201,51,Normal
TCP/HTTP,246,4,1,1,0.016,0.25,0.25,2,0.008,540.58,1,2.208,46,Normal
TCP/HTTP,195,10,0,0,0.051,0,0,4,0.021,549.03,1,2.21,40,Normal
TCP/HTTP,130,11,1,1,0.085,0.091,0.091,12,0.092,330.98,1,2.219,34,Normal
TCP/HTTP,197,19,4,4,0.096,0.211,0.211,12,0.061,228.64,0.833,2.214,45,Normal
TCP/HTTP,109,6,3,1,0.055,0.5,0.167,4,0.037,278.82,1,2.217,34,Normal
TCP/HTTP,139,13,0,0,0.094,0,0,8,0.058,228.03,1,2.217,34,Normal
TCP/HTTP,186,20,2,2,0.108,0.1,0.1,12,0.065,244.86,1,2.219,38,Normal
TCP/HTTP,116,9,2,2,0.078,0.222,0.222,4,0.034,161.24,1,2.23,37,Normal
TCP/HTTP,87,10,1,1,0.115,0.1,0.1,6,0.069,249.38,1,2.234,26,Normal
TCP/HTTP,85,3,0,0,0.035,0,0,1,0.012,243.51,1,2.259,35,Normal
TCP/HTTP,63,5,1,1,0.079,0.2,0.2,2,0.032,248.02,1,2.263,24,Normal
TCP/HTTP,103,8,0,0,0.078,0,0,3,0.029,182.51,1,2.289,35,Normal
TCP/HTTP,121,6,0,0,0.05,0,0,4,0.033,297.56,1,2.339,37,Normal
TCP/HTTP,169,23,1,1,0.136,0.043,0.043,8,0.047,309.41,0.75,2.352,30,Normal
TCP/HTTP,93,6,1,1,0.065,0.167,0.167,2,0.022,193.65,1,2.353,36,Normal
TCP/HTTP,145,14,0,0,0.097,0,0,6,0.041,215.01,1,2.375,41,Normal
TCP/HTTP,145,21,0,0,0.145,0,0,9,0.062,201.19,1,2.371,24,Normal
TCP/HTTP,108,8,4,4,0.074,0.5,0.5,3,0.028,192.37,1,2.395,38,Normal
TCP/HTTP,98,7,1,1,0.071,0.143,0.143,5,0.051,317.35,1,2.403,32,Normal
TCP/HTTP,173,3,0,0,0.017,0,0,2,0.012,585.07,1,2.425,28,Normal
TCP/HTTP,118,8,0,0,0.068,0,0,4,0.034,524.5,1,2.432,30,Normal
TCP/HTTP,193,10,4,4,0.052,0.4,0.4,6,0.031,542.46,1,2.444,31,Normal
TCP/HTTP,217,8,3,3,0.037,0.375,0.375,8,0.037,551.42,1,2.475,38,Normal
TCP/HTTP,205,16,1,1,0.078,0.062,0.062,12,0.059,306.62,0.833,2.48,33,Normal
TCP/HTTP,219,6,0,0,0.027,0,0,9,0.041,610.79,1,2.51,37,Normal
TCP/HTTP,227,13,1,1,0.057,0.077,0.077,15,0.066,548.66,1,2.508,36,Normal
TCP/HTTP,204,18,0,0,0.088,0,0,11,0.054,191.17,1,2.503,39,Normal
TCP/HTTP,133,11,0,0,0.083,0,0,5,0.038,237.38,1,2.499,30,Normal
TCP/HTTP,136,7,2,2,0.051,0.286,0.286,6,0.044,335.47,1,2.509,32,Normal
TCP/HTTP,94,3,1,1,0.032,0.333,0.333,1,0.011,426.34,1,2.514,26,Normal
TCP/HTTP,233,5,0,0,0.021,0,0,2,0.009,602.3,1,2.549,34,Normal
TCP/HTTP,174,8,0,0,0.046,0,0,4,0.023,366.67,1,2.562,26,Normal
TCP/HTTP,103,6,0,0,0.058,0,0,4,0.039,169.23,1,2.599,34,Normal
TCP/HTTP,147,15,1,1,0.102,0.067,0.067,7,0.048,102.35,0.714,2.597,29,Normal
TCP/HTTP,107,7,0,0,0.065,0,0,3,0.028,169.77,1,2.628,23,Normal
TCP/HTTP,184,17,2,2,0.092,0.118,0.118,8,0.043,273.02,1,2.637,44,Normal
TCP/HTTP,147,20,2,2,0.136,0.1,0.1,12,0.082,184.92,1,2.628,36,Normal
TCP/HTTP,305,13,2,2,0.043,0.154,0.154,5,0.016,365.35,1,2.636,45,Normal
TCP/HTTP,218,4,3,3,0.018,0.75,0.75,3,0.014,624.14,1,2.646,50,Normal
TCP/HTTP,107,4,1,1,0.037,0.25,0.25,3,0.028,514.13,1,2.662,33,Normal
TCP/HTTP,194,6,4,4,0.031,0.667,0.667,3,0.015,450.45,1,2.664,53,Normal
TCP/HTTP,132,9,1,1,0.068,0.111,0.111,5,0.038,267.82,1,2.66,35,Normal
TCP/HTTP,132,10,2,2,0.076,0.2,0.2,11,0.083,339.17,1,2.67,34,Normal
TCP/HTTP,154,18,1,1,0.117,0.056,0.056,9,0.058,257.11,0.778,2.664,25,Normal
TCP/HTTP,78,5,0,0,0.064,0,0,2,0.026,307.29,1,2.666,26,Normal
TCP/HTTP,120,16,4,4,0.133,0.25,0.25,6,0.05,149.33,1,2.669,33,Normal
TCP/HTTP,161,19,2,2,0.118,0.105,0.105,11,0.068,139.42,1,2.684,41,Normal
TCP/HTTP,172,8,1,1,0.047,0.125,0.125,4,0.023,610.61,1,2.692,27,Normal
TCP/HTTP,173,7,1,1,0.04,0.143,0.143,3,0.017,619.52,1,2.706,28,Normal
TCP/HTTP,66,2,0,0,0.03,0,0,2,0.03,183.77,1,2.736,29,Normal
TCP/HTTP,117,5,1,1,0.043,0.2,0.2,2,0.017,318.21,1,2.746,29,Normal
TCP/HTTP,102,10,0,0,0.098,0,0,4,0.039,226.2,1,2.744,28,Normal
TCP/HTTP,101,5,1,1,0.05,0.2,0.2,4,0.04,279.67,1,2.767,36,Normal
TCP/HTTP,254,18,1,1,0.071,0.056,0.056,8,0.031,400.58,0.75,2.793,50,Normal
TCP/HTTP,264,4,1,1,0.015,0.25,0.25,2,0.008,605.36,1,2.808,49,Normal
TCP/HTTP,280,16,0,0,0.057,0,0,7,0.025,561.28,1,2.809,30,Normal
TCP/HTTP,410,15,0,0,0.037,0,0,8,0.02,571.42,1,2.847,50,Normal
TCP/HTTP,282,8,0,0,0.028,0,0,4,0.014,609.34,1,2.858,32,Normal
TCP/HTTP,395,10,1,1,0.025,0.1,0.1,3,0.008,605.01,1,2.883,38,Normal
TCP/HTTP,92,3,0,0,0.033,0,0,1,0.011,143.18,1,2.901,28,Normal
TCP/HTTP,141,4,1,1,0.028,0.25,0.25,2,0.014,241.17,1,2.916,42,Normal
TCP/HTTP,101,10,0,0,0.099,0,0,5,0.05,206.55,1,2.922,31,Normal
TCP/HTTP,138,8,2,2,0.058,0.25,0.25,3,0.022,583.75,1,2.927,24,Normal
TCP/HTTP,225,16,2,2,0.071,0.125,0.125,9,0.04,580.57,0.778,2.926,23,Normal
TCP/HTTP,45,4,0,0,0.089,0,0,2,0.044,109.47,1,2.926,20,Normal
TCP/HTTP,101,17,0,0,0.168,0,0,8,0.079,111.45,1,2.918,18,Normal
TCP/HTTP,128,18,0,0,0.141,0,0,7,0.055,105.87,1,2.925,31,Normal
TCP/HTTP,104,11,6,5,0.106,0.545,0.455,6,0.058,227.9,1,2.918,22,Normal
TCP/HTTP,130,4,0,0,0.031,0,0,3,0.023,261.53,1,2.944,38,Normal
TCP/HTTP,74,2,0,0,0.027,0,0,1,0.014,325.07,1,2.94,21,Normal
TCP/HTTP,117,4,0,0,0.034,0,0,3,0.026,264.71,1,2.948,31,Normal
TCP/HTTP,214,11,1,1,0.051,0.091,0.091,5,0.023,300.97,1,2.998,48,Normal
TCP/HTTP,297,6,0,0,0.02,0,0,2,0.007,522.33,1,3.02,39,Normal
TCP/HTTP,228,14,0,0,0.061,0,0,8,0.035,491.9,0.75,3.028,29,Normal
TCP/HTTP,131,7,1,0,0.053,0.143,0,2,0.015,305.89,1,3.033,40,Normal
TCP/HTTP,161,14,0,0,0.087,0,0,8,0.05,397.24,1,3.027,29,Normal
TCP/HTTP,130,14,0,0,0.108,0,0,8,0.062,112.94,1,3.026,29,Normal
TCP/HTTP,99,11,1,1,0.111,0.091,0.091,5,0.051,211.17,1,3.02,24,Normal
TCP/HTTP,71,5,0,0,0.07,0,0,3,0.042,308.75,1,3.026,23,Normal
TCP/HTTP,71,2,0,0,0.028,0,0,3,0.042,292.66,1,3.039,33,Normal
TCP/HTTP,88,7,2,1,0.08,0.286,0.143,2,0.023,319.2,1,3.049,32,Normal
TCP/HTTP,108,8,0,0,0.074,0,0,4,0.037,308.59,1,3.056,32,Normal
TCP/HTTP,108,12,2,2,0.111,0.167,0.167,4,0.037,306.78,1,3.063,26,Normal
TCP/HTTP,160,12,2,2,0.075,0.167,0.167,8,0.05,410.66,0.75,3.07,39,Normal
TCP/HTTP,255,6,0,0,0.024,0,0,3,0.012,660.55,1,3.081,37,Normal
TCP/HTTP,468,23,4,4,0.049,0.174,0.174,12,0.026,364.57,1,3.302,62,Normal
TCP/HTTP,254,20,3,3,0.079,0.15,0.15,14,0.055,245.19,1,3.314,45,Normal
TCP/HTTP,201,13,0,0,0.065,0,0,7,0.035,252.62,1,3.319,53,Normal
TCP/HTTP,236,10,2,2,0.042,0.2,0.2,8,0.034,628.83,1,3.338,46,Normal
TCP/HTTP,195,14,12,12,0.072,0.857,0.857,9,0.046,486.98,1,3.322,48,Normal
TCP/HTTP,186,8,1,1,0.043,0.125,0.125,4,0.022,551.14,0.75,3.313,34,Normal
TCP/HTTP,119,6,0,0,0.05,0,0,6,0.05,220.27,1,3.333,43,Normal
TCP/HTTP,134,11,0,0,0.082,0,0,4,0.03,508.19,1,3.34,34,Normal
TCP/HTTP,218,12,1,1,0.055,0.083,0.083,8,0.037,482.82,0.75,3.353,37,Normal
TCP/HTTP,141,6,0,0,0.043,0,0,4,0.028,403.43,1,3.369,46,Normal
TCP/HTTP,174,14,0,0,0.08,0,0,9,0.052,332.63,1,3.376,40,Normal
TCP/HTTP,203,15,1,1,0.074,0.067,0.067,7,0.034,254.06,1,3.374,46,Normal
TCP/HTTP,209,16,3,3,0.077,0.188,0.188,7,0.033,488.11,1,3.379,43,Normal
TCP/HTTP,148,4,2,2,0.027,0.5,0.5,1,0.007,650.73,1,3.385,43,Normal
TCP/HTTP,182,3,1,1,0.016,0.333,0.333,1,0.005,622.97,1,3.399,38,Normal
TCP/HTTP,159,9,3,3,0.057,0.333,0.333,4,0.025,442.43,1,3.412,39,Normal
TCP/HTTP,197,6,0,0,0.03,0,0,3,0.015,623.83,1,3.414,38,Normal
TCP/HTTP,196,13,1,1,0.066,0.077,0.077,5,0.026,575.28,1,3.422,31,Normal
TCP/HTTP,317,15,3,3,0.047,0.2,0.2,4,0.013,405.7,1,3.419,41,Normal
TCP/HTTP,187,10,3,3,0.053,0.3,0.3,4,0.021,262.54,0.75,3.426,40,Normal
TCP/HTTP,200,14,0,0,0.07,0,0,9,0.045,268.5,1,3.428,46,Normal
TCP/HTTP,196,15,0,0,0.077,0,0,7,0.036,328.69,1,3.442,39,Normal
TCP/HTTP,166,13,2,2,0.078,0.154,0.154,8,0.048,437.28,1,3.465,37,Normal
TCP/HTTP,92,2,0,0,0.022,0,0,1,0.011,303.34,1,3.492,35,Normal
TCP/HTTP,70,4,0,0,0.057,0,0,2,0.029,367.75,1,3.504,27,Normal
TCP/HTTP,114,8,0,0,0.07,0,0,3,0.026,479.06,1,3.508,29,Normal
TCP/HTTP,210,9,2,2,0.043,0.222,0.222,5,0.024,412.91,1,3.512,55,Normal
TCP/HTTP,163,9,1,1,0.055,0.111,0.111,5,0.031,364.89,1,3.527,48,Normal
TCP/HTTP,281,12,1,1,0.043,0.083,0.083,8,0.028,455.27,0.75,3.561,47,Normal
TCP/HTTP,193,8,1,1,0.041,0.125,0.125,3,0.016,146.47,1,3.569,58,Normal
TCP/HTTP,171,13,0,0,0.076,0,0,7,0.041,99.13,1,3.618,41,Normal
TCP/HTTP,156,15,1,1,0.096,0.067,0.067,7,0.045,188.15,1,3.639,44,Normal
TCP/HTTP,99,12,0,0,0.121,0,0,6,0.061,152.23,1,3.641,29,Normal
TCP/HTTP,73,2,0,0,0.027,0,0,2,0.027,179.27,1,3.658,38,Normal
TCP/HTTP,72,4,0,0,0.056,0,0,2,0.028,212.55,1,3.677,35,Normal
TCP/HTTP,82,6,0,0,0.073,0,0,3,0.037,164.51,1,3.687,29,Normal
TCP/HTTP,284,10,0,0,0.035,0,0,4,0.014,399.14,1,3.684,45,Normal
TCP/HTTP,110,11,3,3,0.1,0.273,0.273,5,0.045,217.29,1,3.69,29,Normal
TCP/HTTP,153,13,1,1,0.085,0.077,0.077,6,0.039,268.54,0.667,3.698,35,Normal
TCP/HTTP,147,12,1,1,0.082,0.083,0.083,3,0.02,198.73,1,3.713,33,Normal
TCP/HTTP,206,17,3,3,0.083,0.176,0.176,9,0.044,278.92,1,3.71,47,Normal
TCP/HTTP,173,8,1,1,0.046,0.125,0.125,5,0.029,423.25,1,3.715,37,Normal
TCP/HTTP,175,15,2,2,0.086,0.133,0.133,7,0.04,299.71,1,3.726,46,Normal
TCP/HTTP,86,0,0,0,0,0,0,1,0.012,502.65,1,3.728,29,Normal
TCP/HTTP,80,3,0,0,0.037,0,0,1,0.013,341.56,1,3.736,28,Normal
TCP/HTTP,339,7,1,1,0.021,0.143,0.143,5,0.015,840.7,1,3.748,32,Normal
TCP/HTTP,370,9,1,1,0.024,0.111,0.111,5,0.014,769.29,1,3.746,45,Normal
TCP/HTTP,128,8,1,1,0.062,0.125,0.125,14,0.109,336.63,1,3.766,35,Normal
TCP/HTTP,161,13,1,1,0.081,0.077,0.077,7,0.043,256.04,0.714,3.758,47,Normal
TCP/HTTP,143,8,0,0,0.056,0,0,6,0.042,461.76,1,3.77,39,Normal
TCP/HTTP,336,16,0,0,0.048,0,0,6,0.018,446.48,1,3.788,48,Normal
TCP/HTTP,167,10,0,0,0.06,0,0,9,0.054,231.98,1,3.793,38,Normal
TCP/HTTP,145,13,0,0,0.09,0,0,8,0.055,168,1,3.81,41,Normal
TCP/HTTP,295,4,1,1,0.014,0.25,0.25,2,0.007,591.91,1,3.817,46,Normal
TCP/HTTP,185,3,3,3,0.016,1,1,2,0.011,524.43,1,3.807,45,Normal
TCP/HTTP,120,6,0,0,0.05,0,0,4,0.033,442.65,1,3.822,34,Normal
TCP/HTTP,119,8,0,0,0.067,0,0,6,0.05,392.83,1,3.823,23,Normal
TCP/HTTP,156,12,2,1,0.077,0.167,0.083,12,0.077,479.11,1,3.825,32,Normal
TCP/HTTP,145,13,3,3,0.09,0.231,0.231,6,0.041,232.77,0.667,3.823,32,Normal
TCP/HTTP,93,11,0,0,0.118,0,0,4,0.043,217.41,1,3.835,30,Normal
TCP/HTTP,165,19,3,3,0.115,0.158,0.158,11,0.067,166.56,1,3.846,51,Normal
TCP/HTTP,147,11,1,1,0.075,0.091,0.091,5,0.034,353.11,1,3.852,34,Normal
TCP/HTTP,191,17,2,2,0.089,0.118,0.118,6,0.031,257.85,1,3.848,42,Normal
TCP/HTTP,97,3,1,1,0.031,0.333,0.333,1,0.01,294.65,1,3.853,32,Normal
TCP/HTTP,81,4,3,3,0.049,0.75,0.75,3,0.037,252.8,1,3.846,28,Normal
TCP/HTTP,162,7,0,0,0.043,0,0,3,0.019,250.36,1,3.846,34,Normal
TCP/HTTP,250,9,0,0,0.036,0,0,3,0.012,425.28,1,3.833,54,Normal
TCP/HTTP,226,9,1,1,0.04,0.111,0.111,8,0.035,405.85,1,3.83,44,Normal
TCP/HTTP,267,12,1,1,0.045,0.083,0.083,8,0.03,202.7,0.75,3.871,66,Normal
TCP/HTTP,237,6,0,0,0.025,0,0,4,0.017,456.09,1,3.871,48,Normal
TCP/HTTP,262,16,2,2,0.061,0.125,0.125,9,0.034,241.71,1,3.858,63,Normal
TCP/HTTP,185,16,0,0,0.086,0,0,8,0.043,144.53,1,3.852,54,Normal
TCP/HTTP,281,34,16,16,0.121,0.471,0.471,19,0.068,253.86,1,3.87,56,Normal
TCP/HTTP,179,2,6,6,0.011,3,3,10,0.056,362.75,1,3.888,51,Normal
TCP/HTTP,233,6,4,4,0.026,0.667,0.667,12,0.052,664.18,1,3.916,56,Normal
TCP/HTTP,239,16,0,0,0.067,0,0,9,0.038,452.55,1,3.926,52,Normal
TCP/HTTP,177,14,10,10,0.079,0.714,0.714,6,0.034,376.76,1,3.913,40,Normal
TCP/HTTP,258,15,12,12,0.058,0.8,0.8,10,0.039,345.02,1,3.963,70,Normal
TCP/HTTP,248,14,2,2,0.056,0.143,0.143,9,0.036,453.39,0.778,3.973,45,Normal
TCP/HTTP,126,6,0,0,0.048,0,0,4,0.032,257.05,1,3.976,46,Normal
TCP/HTTP,189,16,1,1,0.085,0.062,0.062,16,0.085,418.26,1,3.974,33,Normal
TCP/HTTP,284,15,2,2,0.053,0.133,0.133,12,0.042,577.67,1,4.053,49,Normal
TCP/HTTP,288,36,10,9,0.125,0.278,0.25,7,0.024,561.16,1,4.034,40,Normal
TCP/HTTP,120,3,11,11,0.025,3.667,3.667,6,0.05,319.36,1,4.028,43,Normal
TCP/HTTP,140,3,2,2,0.021,0.667,0.667,3,0.021,638.88,1,4.036,25,Normal
TCP/HTTP,138,11,3,3,0.08,0.273,0.273,5,0.036,384.22,1,4.049,34,Normal
TCP/HTTP,174,11,2,2,0.063,0.182,0.182,8,0.046,419.05,1,4.05,31,Normal
TCP/HTTP,247,10,4,4,0.04,0.4,0.4,6,0.024,351.69,1,4.055,41,Normal
TCP/HTTP,359,13,0,0,0.036,0,0,7,0.019,454.48,0.714,4.068,53,Normal
TCP/HTTP,85,7,0,0,0.082,0,0,4,0.047,253.8,1,4.077,28,Normal
TCP/HTTP,254,14,1,1,0.055,0.071,0.071,15,0.059,517.69,1,4.098,39,Normal
TCP/HTTP,222,15,1,1,0.068,0.067,0.067,12,0.054,352.26,1,4.121,45,Normal
TCP/HTTP,210,13,1,1,0.062,0.077,0.077,9,0.043,380.16,1,4.125,39,Normal
TCP/HTTP,95,6,0,0,0.063,0,0,1,0.011,353.19,1,4.128,32,Normal
TCP/HTTP,194,6,1,1,0.031,0.167,0.167,2,0.01,254.08,1,4.138,50,Normal
TCP/HTTP,263,10,3,3,0.038,0.3,0.3,3,0.011,553.88,1,4.142,37,Normal
TCP/HTTP,275,8,4,4,0.029,0.5,0.5,7,0.025,568.91,1,4.168,56,Normal
TCP/HTTP,145,10,0,0,0.069,0,0,2,0.014,494.51,1,4.178,40,Normal
TCP/HTTP,132,13,0,0,0.098,0,0,8,0.061,206.87,0.75,4.176,33,Normal
TCP/HTTP,200,7,4,4,0.035,0.571,0.571,7,0.035,338.78,1,4.184,52,Normal
TCP/HTTP,148,15,0,0,0.101,0,0,7,0.047,326.24,1,4.182,34,Normal
TCP/HTTP,242,15,0,0,0.062,0,0,8,0.033,547.21,1,4.213,45,Normal
TCP/HTTP,186,17,3,3,0.091,0.176,0.176,7,0.038,325.35,1,4.225,58,Normal
TCP/HTTP,82,2,4,4,0.024,2,2,4,0.049,150.56,1,4.241,38,Normal
TCP/HTTP,95,4,0,0,0.042,0,0,1,0.011,616.68,1,4.244,26,Normal
TCP/HTTP,129,7,0,0,0.054,0,0,2,0.016,616.47,1,4.244,27,Normal
TCP/HTTP,115,9,2,2,0.078,0.222,0.222,5,0.043,252.32,1,4.26,33,Normal
TCP/HTTP,127,13,1,1,0.102,0.077,0.077,7,0.055,350.9,1,4.272,44,Normal
TCP/HTTP,235,13,2,2,0.055,0.154,0.154,9,0.038,698.09,0.778,4.285,32,Normal
TCP/HTTP,172,10,1,1,0.058,0.1,0.1,6,0.035,539.76,1,4.302,43,Normal
TCP/HTTP,152,14,1,1,0.092,0.071,0.071,13,0.086,325.77,1,4.313,31,Normal
TCP/HTTP,190,17,2,2,0.089,0.118,0.118,13,0.068,401.61,1,4.33,32,Normal
TCP/HTTP,192,14,1,1,0.073,0.071,0.071,14,0.073,390.16,1,4.346,48,Normal
TCP/HTTP,143,4,4,4,0.028,1,1,8,0.056,444.7,1,4.361,40,Normal
TCP/HTTP,156,7,5,5,0.045,0.714,0.714,9,0.058,524.85,1,4.364,42,Normal
TCP/HTTP,159,7,1,1,0.044,0.143,0.143,6,0.038,461.17,1,4.363,36,Normal
TCP/HTTP,199,14,5,5,0.07,0.357,0.357,10,0.05,292.05,1,4.37,36,Normal
TCP/HTTP,203,9,2,2,0.044,0.222,0.222,11,0.054,455.98,1,4.37,42,Normal
TCP/HTTP,191,18,3,3,0.094,0.167,0.167,10,0.052,287.24,0.8,4.365,36,Normal
TCP/HTTP,196,6,3,3,0.031,0.5,0.5,5,0.026,417.75,1,4.38,42,Normal
TCP/HTTP,228,21,1,1,0.092,0.048,0.048,8,0.035,424.27,1,4.401,46,Normal
TCP/HTTP,247,15,7,7,0.061,0.467,0.467,15,0.061,359.89,1,4.39,49,Normal
TCP/HTTP,299,16,3,3,0.054,0.188,0.188,8,0.027,633.85,1,4.391,38,Normal
TCP/HTTP,141,15,2,2,0.106,0.133,0.133,4,0.028,447.61,1,4.389,25,Normal
TCP/HTTP,225,5,14,13,0.022,2.8,2.6,1,0.004,595.8,1,4.386,30,Normal
TCP/HTTP,333,6,2,2,0.018,0.333,0.333,7,0.021,582.2,1,4.399,44,Normal
TCP/HTTP,182,15,0,0,0.082,0,0,7,0.038,406.57,1,4.394,33,Normal
TCP/HTTP,242,9,6,6,0.037,0.667,0.667,22,0.091,521.12,1,4.393,45,Normal
TCP/HTTP,342,14,1,1,0.041,0.071,0.071,16,0.047,572.75,0.875,4.395,44,Normal
TCP/HTTP,137,7,0,0,0.051,0,0,5,0.036,188.93,1,4.388,26,Normal
TCP/HTTP,259,16,6,6,0.062,0.375,0.375,12,0.046,460.36,1,4.386,51,Normal
TCP/HTTP,202,15,0,0,0.074,0,0,7,0.035,381.65,1,4.39,47,Normal
TCP/HTTP,155,12,1,1,0.077,0.083,0.083,7,0.045,321.63,1,4.417,39,Normal
TCP/HTTP,122,2,0,0,0.016,0,0,1,0.008,695.84,1,4.444,38,Normal
TCP/HTTP,148,4,0,0,0.027,0,0,1,0.007,719.1,1,4.452,31,Normal
TCP/HTTP,117,7,3,3,0.06,0.429,0.429,3,0.026,593.02,1,4.463,26,Normal
TCP/HTTP,108,12,1,1,0.111,0.083,0.083,7,0.065,179.41,1,4.471,33,Normal
TCP/HTTP,111,9,3,3,0.081,0.333,0.333,5,0.045,360.79,1,4.481,39,Normal
TCP/HTTP,248,15,4,4,0.06,0.267,0.267,6,0.024,382.75,0.667,4.526,37,Normal
TCP/HTTP,187,11,2,2,0.059,0.182,0.182,3,0.016,616.66,1,4.537,43,Normal
TCP/HTTP,205,15,2,2,0.073,0.133,0.133,7,0.034,501.56,1,4.536,40,Normal
TCP/HTTP,195,14,0,0,0.072,0,0,7,0.036,468.75,1,4.55,40,Normal
TCP/HTTP,154,13,2,2,0.084,0.154,0.154,7,0.045,342.68,1,4.556,40,Normal
TCP/HTTP,112,3,1,1,0.027,0.333,0.333,4,0.036,522.92,1,4.567,34,Normal
TCP/HTTP,121,4,1,1,0.033,0.25,0.25,1,0.008,510.28,1,4.568,30,Normal
TCP/HTTP,150,4,2,2,0.027,0.5,0.5,3,0.02,504.68,1,4.575,39,Normal
TCP/HTTP,150,12,2,2,0.08,0.167,0.167,7,0.047,268.19,1,4.581,36,Normal
TCP/HTTP,111,8,0,0,0.072,0,0,6,0.054,349.72,1,4.594,32,Normal
TCP/HTTP,125,13,0,0,0.104,0,0,7,0.056,166.28,0.714,4.665,29,Normal
TCP/HTTP,113,7,0,0,0.062,0,0,5,0.044,229.46,1,4.673,37,Normal
TCP/HTTP,139,14,1,1,0.101,0.071,0.071,7,0.05,149.38,1,4.688,45,Normal
TCP/HTTP,191,14,0,0,0.073,0,0,7,0.037,192.04,1,4.695,38,Normal
TCP/HTTP,270,14,1,1,0.052,0.071,0.071,6,0.022,422.66,1,4.704,41,Normal
TCP/HTTP,76,4,0,0,0.053,0,0,2,0.026,353.14,1,4.703,21,Normal
TCP/HTTP,104,5,2,2,0.048,0.4,0.4,12,0.115,253.09,1,4.724,30,Normal
TCP/HTTP,102,6,0,0,0.059,0,0,2,0.02,459.16,1,4.724,23,Normal
TCP/HTTP,64,9,0,0,0.141,0,0,5,0.078,116.3,1,4.729,21,Normal
TCP/HTTP,110,8,1,1,0.073,0.125,0.125,4,0.036,139.26,1,4.74,34,Normal
TCP/HTTP,131,15,0,0,0.115,0,0,7,0.053,198.58,0.714,4.733,32,Normal
TCP/HTTP,74,8,3,3,0.108,0.375,0.375,3,0.041,119,1,4.732,28,Normal
TCP/HTTP,172,20,0,0,0.116,0,0,10,0.058,183.71,1,4.755,39,Normal
TCP/HTTP,96,10,2,2,0.104,0.2,0.2,5,0.052,163.47,1,4.763,32,Normal
TCP/HTTP,123,14,1,1,0.114,0.071,0.071,6,0.049,111.09,1,4.762,32,Normal
TCP/HTTP,45,1,0,0,0.022,0,0,1,0.022,367.84,1,4.767,19,Normal
TCP/HTTP,130,5,2,2,0.038,0.4,0.4,1,0.008,645.4,1,4.782,31,Normal
TCP/HTTP,185,8,5,5,0.043,0.625,0.625,6,0.032,258.08,1,4.789,43,Normal
TCP/HTTP,233,9,0,0,0.039,0,0,5,0.021,406.43,1,4.806,39,Normal
TCP/HTTP,134,9,0,0,0.067,0,0,4,0.03,193.09,1,4.883,47,Normal
TCP/HTTP,172,16,1,1,0.093,0.062,0.062,6,0.035,440.81,0.667,4.875,31,Normal
TCP/HTTP,211,9,5,5,0.043,0.556,0.556,5,0.024,558.57,1,4.881,48,Normal
TCP/HTTP,194,19,0,0,0.098,0,0,8,0.041,444.7,1,4.884,40,Normal
TCP/HTTP,175,13,0,0,0.074,0,0,7,0.04,304.22,1,4.92,40,Normal
TCP/HTTP,184,23,5,5,0.125,0.217,0.217,9,0.049,246.49,1,4.929,48,Normal
TCP/HTTP,164,1,7,7,0.006,7,7,5,0.03,390.96,1,4.944,45,Normal
TCP/HTTP,93,3,2,2,0.032,0.667,0.667,1,0.011,222.58,1,4.943,39,Normal
TCP/HTTP,80,6,1,1,0.075,0.167,0.167,5,0.062,229.64,1,4.956,34,Normal
TCP/HTTP,117,11,1,1,0.094,0.091,0.091,6,0.051,393.43,1,4.954,30,Normal
TCP/HTTP,113,12,3,3,0.106,0.25,0.25,6,0.053,253.96,1,4.969,33,Normal
TCP/HTTP,194,17,6,6,0.088,0.353,0.353,8,0.041,316.38,0.75,4.959,45,Normal
TCP/HTTP,141,13,2,2,0.092,0.154,0.154,6,0.043,217.63,1,4.992,40,Normal
TCP/HTTP,180,21,4,4,0.117,0.19,0.19,16,0.089,176.44,1,5.029,52,Normal
TCP/HTTP,147,8,2,2,0.054,0.25,0.25,4,0.027,462.29,1,5.033,33,Normal
TCP/HTTP,118,12,0,0,0.102,0,0,6,0.051,267.71,1,5.042,31,Normal
TCP/HTTP,59,1,0,0,0.017,0,0,3,0.051,165.28,1,5.058,24,Normal
TCP/HTTP,145,4,0,0,0.028,0,0,1,0.007,846.86,1,5.069,21,Normal
TCP/HTTP,168,6,0,0,0.036,0,0,4,0.024,644.28,1,5.08,35,Normal
TCP/HTTP,136,10,2,2,0.074,0.2,0.2,6,0.044,206.48,1,5.091,36,Normal
TCP/HTTP,130,11,1,1,0.085,0.091,0.091,5,0.038,177.98,1,5.106,38,Normal
TCP/HTTP,102,13,2,2,0.127,0.154,0.154,7,0.069,162.51,0.714,5.104,29,Normal
TCP/HTTP,164,11,3,3,0.067,0.273,0.273,7,0.043,269.07,1,5.103,45,Normal
TCP/HTTP,165,21,3,3,0.127,0.143,0.143,6,0.036,226.27,1,5.105,44,Normal
TCP/HTTP,172,10,3,3,0.058,0.3,0.3,8,0.047,286.87,1,5.115,46,Normal
TCP/HTTP,156,18,0,0,0.115,0,0,7,0.045,232.19,1,5.115,48,Normal
TCP/HTTP,91,3,6,6,0.033,2,2,2,0.022,365.27,1,5.122,31,Normal
TCP/HTTP,171,4,4,3,0.023,1,0.75,1,0.006,473.11,1,5.13,45,Normal
TCP/HTTP,118,8,1,1,0.068,0.125,0.125,4,0.034,266.97,1,5.137,35,Normal
TCP/HTTP,128,9,3,3,0.07,0.333,0.333,5,0.039,350.6,1,5.14,33,Normal
TCP/HTTP,231,17,1,1,0.074,0.059,0.059,6,0.026,513.88,1,5.142,38,Normal
TCP/HTTP,158,12,1,1,0.076,0.083,0.083,5,0.032,411.02,0.6,5.144,27,Normal
TCP/HTTP,116,11,4,4,0.095,0.364,0.364,7,0.06,164.33,1,5.147,39,Normal
TCP/HTTP,164,26,3,3,0.159,0.115,0.115,8,0.049,141,1,5.138,52,Normal
TCP/HTTP,161,14,7,7,0.087,0.5,0.5,11,0.068,252.49,1,5.131,40,Normal
TCP/HTTP,261,13,5,5,0.05,0.385,0.385,9,0.034,468.83,1,5.13,45,Normal
TCP/HTTP,120,0,0,0,0,0,0,5,0.042,520.12,1,5.138,36,Normal
TCP/HTTP,110,5,0,0,0.045,0,0,1,0.009,434.63,1,5.147,39,Normal
TCP/HTTP,109,6,1,1,0.055,0.167,0.167,4,0.037,308.85,1,5.177,36,Normal
TCP/HTTP,242,8,1,1,0.033,0.125,0.125,11,0.045,674.62,1,5.2,43,Normal
TCP/HTTP,165,11,0,0,0.067,0,0,6,0.036,512.04,1,5.211,38,Normal
TCP/HTTP,211,12,1,1,0.057,0.083,0.083,8,0.038,463.61,0.75,5.208,40,Normal
TCP/HTTP,279,12,5,5,0.043,0.417,0.417,4,0.014,533.8,1,5.179,53,Normal
TCP/HTTP,244,18,1,1,0.074,0.056,0.056,10,0.041,402.11,1,5.165,45,Normal
TCP/HTTP,123,10,1,1,0.081,0.1,0.1,5,0.041,116.6,1,5.169,41,Normal
TCP/HTTP,135,12,0,0,0.089,0,0,6,0.044,282.84,1,5.17,29,Normal
TCP/HTTP,238,7,0,0,0.029,0,0,1,0.004,813.75,1,5.168,23,Normal
TCP/HTTP,51,3,5,5,0.059,1.667,1.667,3,0.059,84.92,1,5.173,18,Normal
TCP/HTTP,72,8,1,1,0.111,0.125,0.125,3,0.042,114.39,1,5.183,25,Normal
TCP/HTTP,98,8,0,0,0.082,0,0,4,0.041,136.15,1,5.18,30,Normal
TCP/HTTP,92,8,0,0,0.087,0,0,5,0.054,127.14,1,5.171,27,Normal
TCP/HTTP,95,13,1,1,0.137,0.077,0.077,7,0.074,116.03,0.714,5.163,27,Normal
TCP/HTTP,178,10,2,2,0.056,0.2,0.2,5,0.028,512.32,1,5.183,37,Normal
TCP/HTTP,230,17,0,0,0.074,0,0,6,0.026,176.31,1,5.184,49,Normal
TCP/HTTP,134,16,3,3,0.119,0.188,0.188,10,0.075,189.23,1,5.185,33,Normal
TCP/HTTP,180,12,3,3,0.067,0.25,0.25,7,0.039,179.98,1,5.223,38,Normal
TCP/HTTP,98,2,0,0,0.02,0,0,1,0.01,478.52,1,5.274,34,Normal
TCP/HTTP,82,2,0,0,0.024,0,0,3,0.037,590.44,1,5.318,22,Normal
TCP/HTTP,101,7,0,0,0.069,0,0,4,0.04,437.58,1,5.36,20,Normal
TCP/HTTP,179,11,1,1,0.061,0.091,0.091,5,0.028,458.82,1,5.434,38,Normal
TCP/HTTP,123,10,0,0,0.081,0,0,4,0.033,491.33,1,5.455,25,Normal
TCP/HTTP,140,13,1,1,0.093,0.077,0.077,8,0.057,267.81,0.75,5.496,27,Normal
TCP/HTTP,106,11,2,2,0.104,0.182,0.182,4,0.038,222.58,1,5.587,35,Normal
TCP/HTTP,122,16,1,1,0.131,0.062,0.062,7,0.057,156.03,1,5.613,30,Normal
TCP/HTTP,136,12,1,1,0.088,0.083,0.083,7,0.051,145.99,1,5.655,44,Normal
TCP/HTTP,113,13,1,1,0.115,0.077,0.077,6,0.053,225.44,1,5.68,32,Normal
TCP/HTTP,118,10,7,7,0.085,0.7,0.7,2,0.017,257.85,1,5.666,25,Normal
TCP/HTTP,138,4,3,3,0.029,0.75,0.75,1,0.007,539.1,1,5.679,34,Normal
TCP/HTTP,121,12,1,1,0.099,0.083,0.083,4,0.033,199.74,1,0.006,34,Normal
TCP/HTTP,172,15,3,3,0.087,0.2,0.2,9,0.052,294.12,0.778,0.018,35,Normal
TCP/HTTP,203,7,3,3,0.034,0.429,0.429,3,0.015,488.42,1,0.034,38,Normal
TCP/HTTP,222,19,6,6,0.086,0.316,0.316,11,0.05,227.2,1,0.047,53,Normal
TCP/HTTP,332,20,4,4,0.06,0.2,0.2,11,0.033,148.93,1,0.053,72,Normal
TCP/HTTP,244,15,8,8,0.061,0.533,0.533,6,0.025,331.69,1,0.068,52,Normal
TCP/HTTP,361,10,4,4,0.028,0.4,0.4,5,0.014,515.48,1,0.08,50,Normal
TCP/HTTP,196,9,6,6,0.046,0.667,0.667,2,0.01,585.24,1,0.086,42,Normal
TCP/HTTP,251,8,4,4,0.032,0.5,0.5,6,0.024,354.59,1,0.104,51,Normal
TCP/HTTP,151,9,1,1,0.06,0.111,0.111,6,0.04,350.67,1,0.108,42,Normal
TCP/HTTP,175,11,2,2,0.063,0.182,0.182,6,0.034,270.77,1,0.104,47,Normal
TCP/HTTP,260,15,4,4,0.058,0.267,0.267,10,0.038,206.3,0.8,0.111,63,Normal
TCP/HTTP,132,4,0,0,0.03,0,0,3,0.023,380.2,1,0.12,44,Normal
TCP/HTTP,135,13,1,1,0.096,0.077,0.077,8,0.059,149.96,1,0.117,41,Normal
TCP/HTTP,182,22,2,2,0.121,0.091,0.091,10,0.055,321.04,1,0.119,40,Normal
TCP/HTTP,165,14,7,7,0.085,0.5,0.5,6,0.036,294.17,1,0.133,41,Normal
TCP/HTTP,213,12,2,2,0.056,0.167,0.167,5,0.023,501.15,1,0.147,40,Normal
TCP/HTTP,171,3,7,7,0.018,2.333,2.333,2,0.012,449.49,1,0.166,42,Normal
TCP/HTTP,184,12,3,3,0.065,0.25,0.25,6,0.033,367.2,1,0.186,43,Normal
TCP/HTTP,213,11,7,7,0.052,0.636,0.636,5,0.023,168.65,1,0.226,50,Normal
TCP/HTTP,290,10,0,0,0.034,0,0,4,0.014,443.31,1,0.251,47,Normal
TCP/HTTP,172,18,2,2,0.105,0.111,0.111,9,0.052,264.57,0.778,0.261,36,Normal
TCP/HTTP,121,8,4,4,0.066,0.5,0.5,4,0.033,288.49,1,0.271,41,Normal
TCP/HTTP,285,22,9,9,0.077,0.409,0.409,8,0.028,524.43,1,0.281,50,Normal
TCP/HTTP,220,20,4,4,0.091,0.2,0.2,11,0.05,200.13,1,0.311,46,Normal
TCP/HTTP,97,11,2,2,0.113,0.182,0.182,5,0.052,233.58,1,0.338,43,Normal
TCP/HTTP,236,11,6,6,0.047,0.545,0.545,6,0.025,350.57,1,0.364,51,Normal
TCP/HTTP,397,5,4,4,0.013,0.8,0.8,5,0.013,650.76,1,0.372,41,Normal
TCP/HTTP,369,10,5,5,0.027,0.5,0.5,7,0.019,302.73,1,0.392,47,Normal
TCP/HTTP,170,12,4,4,0.071,0.333,0.333,7,0.041,340.29,1,0.401,41,Normal
TCP/HTTP,225,8,4,4,0.036,0.5,0.5,7,0.031,303.31,1,0.413,62,Normal
TCP/HTTP,203,17,1,1,0.084,0.059,0.059,10,0.049,296.98,1,0.428,42,Normal
TCP/HTTP,96,4,2,2,0.042,0.5,0.5,5,0.052,440.35,0.8,0.431,35,Normal
TCP/HTTP,254,14,2,2,0.055,0.143,0.143,12,0.047,304.63,1,0.469,61,Normal
TCP/HTTP,277,26,2,2,0.094,0.077,0.077,17,0.061,347.39,1,0.475,59,Normal
TCP/HTTP,235,14,10,10,0.06,0.714,0.714,10,0.043,347.74,1,0.482,53,Normal
TCP/HTTP,231,17,6,6,0.074,0.353,0.353,9,0.039,252.67,1,0.499,60,Normal
TCP/HTTP,160,2,4,4,0.013,2,2,6,0.037,666.56,1,0.517,42,Normal
TCP/HTTP,212,18,2,1,0.085,0.111,0.056,7,0.033,545.5,1,0.517,37,Normal
TCP/HTTP,226,11,9,9,0.049,0.818,0.818,13,0.058,426.52,1,0.545,46,Normal
TCP/HTTP,242,9,3,3,0.037,0.333,0.333,8,0.033,618.15,1,0.555,38,Normal
TCP/HTTP,256,22,4,4,0.086,0.182,0.182,12,0.047,601.98,0.833,0.549,35,Normal
TCP/HTTP,118,4,3,3,0.034,0.75,0.75,6,0.051,516.17,1,0.559,32,Normal
TCP/HTTP,179,20,7,7,0.112,0.35,0.35,16,0.089,322.84,1,0.561,44,Normal
TCP/HTTP,313,35,12,12,0.112,0.343,0.343,21,0.067,230.13,1,0.571,66,Normal
TCP/HTTP,202,6,6,6,0.03,1,1,3,0.015,470.48,1,0.595,58,Normal
TCP/HTTP,248,17,8,8,0.069,0.471,0.471,8,0.032,458.98,1,0.606,54,Normal
TCP/HTTP,113,3,4,4,0.027,1.333,1.333,4,0.035,563.62,1,0.599,32,Normal
TCP/HTTP,136,15,5,5,0.11,0.333,0.333,7,0.051,242.38,1,0.6,35,Normal
TCP/HTTP,130,11,4,4,0.085,0.364,0.364,15,0.115,250.89,1,0.608,33,Normal
TCP/HTTP,198,5,4,4,0.025,0.8,0.8,8,0.04,618.93,1,0.628,41,Normal
TCP/HTTP,381,23,7,7,0.06,0.304,0.304,13,0.034,702.09,0.923,0.632,45,Normal
TCP/HTTP,234,11,9,9,0.047,0.818,0.818,7,0.03,664.1,1,0.638,33,Normal
TCP/HTTP,90,10,0,0,0.111,0,0,4,0.044,104.03,1,0.653,30,Normal
TCP/HTTP,164,25,3,3,0.152,0.12,0.12,14,0.085,155.84,1,0.656,39,Normal
TCP/HTTP,223,8,5,5,0.036,0.625,0.625,19,0.085,593.9,1,0.655,45,Normal
TCP/HTTP,269,15,4,4,0.056,0.267,0.267,11,0.041,409.45,1,0.677,63,Normal
TCP/HTTP,144,6,2,2,0.042,0.333,0.333,6,0.042,547.44,1,0.687,41,Normal
TCP/HTTP,314,7,6,6,0.022,0.857,0.857,16,0.051,594.31,1,0.715,46,Normal
TCP/HTTP,360,9,0,0,0.025,0,0,16,0.044,675.64,1,0.738,38,Normal
TCP/HTTP,268,9,1,1,0.034,0.111,0.111,9,0.034,772.49,1,0.744,37,Normal
TCP/HTTP,518,14,1,1,0.027,0.071,0.071,10,0.019,875.45,1,0.749,42,Normal
TCP/HTTP,221,8,3,3,0.036,0.375,0.375,10,0.045,515.03,0.9,0.772,46,Normal
TCP/HTTP,274,12,2,1,0.044,0.167,0.083,8,0.029,637.31,1,0.805,49,Normal
TCP/HTTP,321,39,2,2,0.121,0.051,0.051,13,0.04,460.61,1,0.828,70,Normal
TCP/HTTP,339,28,26,26,0.083,0.929,0.929,16,0.047,498.15,1,0.817,64,Normal
TCP/HTTP,292,18,17,17,0.062,0.944,0.944,13,0.045,450.91,1,0.82,60,Normal
TCP/HTTP,140,2,6,6,0.014,3,3,6,0.043,373.17,1,0.833,48,Normal
TCP/HTTP,310,13,6,6,0.042,0.462,0.462,10,0.032,672.21,1,0.858,62,Normal
TCP/HTTP,243,16,5,4,0.066,0.312,0.25,9,0.037,599,1,0.871,53,Normal
TCP/HTTP,119,9,2,2,0.076,0.222,0.222,6,0.05,280.01,1,0.884,41,Normal
TCP/HTTP,91,9,3,3,0.099,0.333,0.333,7,0.077,159.4,1,0.889,31,Normal
TCP/HTTP,117,11,0,0,0.094,0,0,5,0.043,204.81,0.6,0.908,37,Normal
TCP/HTTP,172,18,0,0,0.105,0,0,11,0.064,242.36,1,0.926,49,Normal
TCP/HTTP,258,34,10,10,0.132,0.294,0.294,19,0.074,220.87,1,0.939,71,Normal
TCP/HTTP,180,7,9,9,0.039,1.286,1.286,16,0.089,347.65,1,0.951,57,Normal
TCP/HTTP,178,16,2,2,0.09,0.125,0.125,10,0.056,245.57,1,0.964,51,Normal
TCP/HTTP,139,0,3,3,0,0,0,3,0.022,400.52,1,0.981,59,Normal
TCP/HTTP,93,4,0,0,0.043,0,0,4,0.043,204.24,1,0.991,41,Normal
TCP/HTTP,138,11,1,1,0.08,0.091,0.091,7,0.051,160.75,1,1.003,43,Normal
TCP/HTTP,67,4,0,0,0.06,0,0,3,0.045,158.19,1,1.003,28,Normal
TCP/HTTP,100,9,0,0,0.09,0,0,5,0.05,176.7,1,1.005,29,Normal
TCP/HTTP,111,9,1,1,0.081,0.111,0.111,4,0.036,175.95,0.5,1.031,36,Normal
TCP/HTTP,84,11,0,0,0.131,0,0,12,0.143,190.6,1,1.037,34,Normal
TCP/HTTP,185,26,0,0,0.141,0,0,12,0.065,140.03,1,1.059,43,Normal
TCP/HTTP,89,7,1,1,0.079,0.143,0.143,4,0.045,85.2,1,1.07,22,Normal
TCP/HTTP,104,14,2,2,0.135,0.143,0.143,6,0.058,93.37,1,1.074,27,Normal
TCP/HTTP,56,5,3,3,0.089,0.6,0.6,0,0,224.36,0,1.076,28,Normal
TCP/HTTP,102,4,0,0,0.039,0,0,3,0.029,366.08,1,1.087,28,Normal
TCP/HTTP,113,10,1,1,0.088,0.1,0.1,7,0.062,325.36,1,1.101,30,Normal
TCP/HTTP,124,9,3,3,0.073,0.333,0.333,6,0.048,217.48,1,1.11,37,Normal
TCP/HTTP,91,13,2,2,0.143,0.154,0.154,8,0.088,161.02,1,1.109,25,Normal
TCP/HTTP,122,8,0,0,0.066,0,0,4,0.033,218.22,0.75,1.117,39,Normal
TCP/HTTP,101,9,0,0,0.089,0,0,9,0.089,173.51,1,1.121,34,Normal
TCP/HTTP,153,22,1,1,0.144,0.045,0.045,14,0.092,140.14,1,1.12,37,Normal
TCP/HTTP,77,8,0,0,0.104,0,0,6,0.078,150.61,1,1.131,30,Normal
TCP/HTTP,137,17,3,3,0.124,0.176,0.176,7,0.051,112.34,1,1.145,47,Normal
TCP/HTTP,79,1,3,3,0.013,3,3,0,0,316.52,0,1.157,36,Normal
TCP/HTTP,103,6,2,2,0.058,0.333,0.333,2,0.019,193.63,1,1.169,40,Normal
TCP/HTTP,154,12,3,3,0.078,0.25,0.25,6,0.039,133.42,1,1.181,53,Normal
TCP/HTTP,129,19,14,14,0.147,0.737,0.737,7,0.054,162.54,1,1.192,45,Normal
TCP/HTTP,130,10,3,3,0.077,0.3,0.3,7,0.054,268.82,1,1.199,41,Normal
TCP/HTTP,132,11,2,2,0.083,0.182,0.182,8,0.061,322.55,0.75,1.207,29,Normal
TCP/HTTP,220,13,1,1,0.059,0.077,0.077,6,0.027,434.73,1,1.227,45,Normal
TCP/HTTP,177,24,1,1,0.136,0.042,0.042,10,0.056,260.74,1,1.243,46,Normal
TCP/HTTP,103,6,0,0,0.058,0,0,3,0.029,205.8,1,1.272,40,Normal
TCP/HTTP,140,14,1,1,0.1,0.071,0.071,7,0.05,126.57,1,1.284,40,Normal
TCP/HTTP,69,4,3,3,0.058,0.75,0.75,0,0,215.83,0,1.293,42,Normal
TCP/HTTP,89,5,3,3,0.056,0.6,0.6,5,0.056,277.68,1,1.301,39,Normal
TCP/HTTP,108,11,1,1,0.102,0.091,0.091,6,0.056,243.07,1,1.307,33,Normal
TCP/HTTP,120,14,11,11,0.117,0.786,0.786,4,0.033,179.89,1,1.309,39,Normal
TCP/HTTP,108,13,1,1,0.12,0.077,0.077,5,0.046,246.77,1,1.322,33,Normal
TCP/HTTP,123,12,2,2,0.098,0.167,0.167,9,0.073,193.13,0.778,1.34,34,Normal
TCP/HTTP,120,9,4,4,0.075,0.444,0.444,5,0.042,168.5,1,1.345,41,Normal
TCP/HTTP,238,19,1,1,0.08,0.053,0.053,11,0.046,359.14,1,1.356,52,Normal
TCP/HTTP,185,8,0,0,0.043,0,0,3,0.016,447.17,1,1.399,44,Normal
TCP/HTTP,232,14,0,0,0.06,0,0,8,0.034,202.98,1,1.422,36,Normal
TCP/HTTP,117,3,1,1,0.026,0.333,0.333,1,0.009,217.56,1,1.431,39,Normal
TCP/HTTP,215,4,2,2,0.019,0.5,0.5,3,0.014,89.02,1,1.455,55,Normal
TCP/HTTP,138,11,2,2,0.08,0.182,0.182,5,0.036,316.64,1,1.463,39,Normal
TCP/HTTP,159,11,6,5,0.069,0.545,0.455,3,0.019,516.8,1,1.465,35,Normal
TCP/HTTP,257,14,8,8,0.054,0.571,0.571,6,0.023,592.03,1,1.472,45,Normal
TCP/HTTP,348,14,2,2,0.04,0.143,0.143,6,0.017,693.7,0.667,1.479,52,Normal
TCP/HTTP,391,11,3,3,0.028,0.273,0.273,5,0.013,744.13,1,1.481,44,Normal
TCP/HTTP,338,20,0,0,0.059,0,0,13,0.038,659.86,1,1.486,43,Normal
TCP/HTTP,488,9,2,2,0.018,0.222,0.222,6,0.012,860.09,1,1.492,34,Normal
TCP/HTTP,422,14,1,1,0.033,0.071,0.071,12,0.028,755.17,1,1.496,39,Normal
TCP/HTTP,95,0,0,0,0,0,0,2,0.021,726.23,1,1.509,24,Normal
TCP/HTTP,184,7,0,0,0.038,0,0,2,0.011,875.52,1,1.517,30,Normal
TCP/HTTP,554,14,0,0,0.025,0,0,6,0.011,817.05,1,1.528,40,Normal
TCP/HTTP,331,6,0,0,0.018,0,0,5,0.015,801.52,1,1.537,39,Normal
TCP/HTTP,132,9,2,2,0.068,0.222,0.222,6,0.045,369.57,1,1.54,36,Normal
TCP/HTTP,152,12,1,0,0.079,0.083,0,6,0.039,224.17,0.667,1.565,43,Normal
TCP/HTTP,131,15,4,4,0.115,0.267,0.267,6,0.046,323.64,1,1.56,41,Normal
TCP/HTTP,238,16,3,3,0.067,0.188,0.188,10,0.042,302.77,1,1.574,52,Normal
TCP/HTTP,126,9,1,1,0.071,0.111,0.111,8,0.063,108.66,1,1.583,39,Normal
TCP/HTTP,116,16,0,0,0.138,0,0,7,0.06,194.25,1,1.592,32,Normal
TCP/HTTP,128,5,4,4,0.039,0.8,0.8,3,0.023,378.27,1,1.591,43,Normal
TCP/HTTP,86,7,2,2,0.081,0.286,0.286,3,0.035,186.73,1,1.61,41,Normal
TCP/HTTP,302,20,5,5,0.066,0.25,0.25,11,0.036,490.15,0.727,1.616,53,Normal
TCP/HTTP,126,5,1,1,0.04,0.2,0.2,5,0.04,390.53,1,1.618,33,Normal
TCP/HTTP,179,15,5,5,0.084,0.333,0.333,8,0.045,354.29,1,1.633,47,Normal
TCP/HTTP,183,13,7,7,0.071,0.538,0.538,8,0.044,353.52,0.75,1.636,46,Normal
TCP/HTTP,189,15,1,1,0.079,0.067,0.067,6,0.032,406.68,1,1.649,56,Normal
TCP/HTTP,229,16,2,2,0.07,0.125,0.125,10,0.044,437.96,1,1.659,47,Normal
TCP/HTTP,150,9,3,3,0.06,0.333,0.333,7,0.047,412.04,1,1.663,32,Normal
TCP/HTTP,148,17,3,3,0.115,0.176,0.176,9,0.061,260.01,1,1.675,42,Normal
TCP/HTTP,163,0,0,0,0,0,0,3,0.018,589.27,1,1.694,34,Normal
TCP/HTTP,158,3,1,1,0.019,0.333,0.333,3,0.019,223.85,1,1.711,38,Normal
TCP/HTTP,120,11,1,1,0.092,0.091,0.091,8,0.067,349.06,1,1.73,35,Normal
TCP/HTTP,236,10,1,1,0.042,0.1,0.1,4,0.017,412.01,1,1.748,47,Normal
TCP/HTTP,285,8,3,3,0.028,0.375,0.375,7,0.025,335.79,1,1.762,38,Normal
TCP/HTTP,299,9,1,1,0.03,0.111,0.111,7,0.023,388.78,0.857,1.787,53,Normal
TCP/HTTP,218,16,1,1,0.073,0.062,0.062,8,0.037,421.16,1,1.795,37,Normal
TCP/HTTP,289,24,4,4,0.083,0.167,0.167,10,0.035,499.78,1,1.81,42,Normal
TCP/HTTP,410,28,14,14,0.068,0.5,0.5,12,0.029,641.84,1,1.822,43,Normal
TCP/HTTP,399,16,11,11,0.04,0.688,0.688,7,0.018,633.67,1,1.836,53,Normal
TCP/HTTP,359,7,2,2,0.019,0.286,0.286,5,0.014,782.49,1,1.852,49,Normal
TCP/HTTP,422,6,6,6,0.014,1,1,11,0.026,795.97,1,1.869,59,Normal
TCP/HTTP,299,15,3,3,0.05,0.2,0.2,10,0.033,669.54,1,1.871,39,Normal
TCP/HTTP,332,10,3,3,0.03,0.3,0.3,15,0.045,672.65,1,1.896,43,Normal
TCP/HTTP,472,11,7,7,0.023,0.636,0.636,10,0.021,652.16,1,1.911,53,Normal
TCP/HTTP,388,17,5,5,0.044,0.294,0.294,8,0.021,648.81,0.75,1.921,55,Normal
TCP/HTTP,392,21,10,10,0.054,0.476,0.476,10,0.026,604.61,1,1.932,55,Normal
TCP/HTTP,395,18,7,6,0.046,0.389,0.333,20,0.051,631.98,1,1.95,50,Normal
TCP/HTTP,204,14,4,4,0.069,0.286,0.286,11,0.054,364.06,1,1.965,39,Normal
TCP/HTTP,119,15,2,2,0.126,0.133,0.133,10,0.084,228.06,1,1.968,30,Normal
TCP/HTTP,119,7,0,0,0.059,0,0,2,0.017,274.03,1,1.978,37,Normal
TCP/HTTP,120,12,15,15,0.1,1.25,1.25,4,0.033,197.37,1,1.979,31,Normal
TCP/HTTP,137,10,2,2,0.073,0.2,0.2,8,0.058,117.38,1,1.987,35,Normal
TCP/HTTP,74,7,0,0,0.095,0,0,3,0.041,156.93,1,1.985,27,Normal
TCP/HTTP,86,8,1,1,0.093,0.125,0.125,4,0.047,187.95,1,1.989,26,Normal
TCP/HTTP,146,10,0,0,0.068,0,0,5,0.034,179.26,0.6,1.987,40,Normal
TCP/HTTP,132,10,0,0,0.076,0,0,6,0.045,153.88,1,1.993,32,Normal
TCP/HTTP,183,23,0,0,0.126,0,0,9,0.049,287.86,1,2.01,42,Normal
TCP/HTTP,127,12,5,5,0.094,0.417,0.417,9,0.071,177.47,1,2.023,32,Normal
TCP/HTTP,181,12,0,0,0.066,0,0,6,0.033,386.44,1,2.038,37,Normal
TCP/HTTP,181,2,1,1,0.011,0.5,0.5,0,0,451.65,0,2.056,38,Normal
TCP/HTTP,132,5,2,2,0.038,0.4,0.4,3,0.023,365.11,1,2.063,38,Normal
TCP/HTTP,138,12,0,0,0.087,0,0,6,0.043,256.33,1,2.074,25,Normal
TCP/HTTP,290,4,2,2,0.014,0.5,0.5,4,0.014,479.5,1,2.091,31,Normal
TCP/HTTP,227,12,0,0,0.053,0,0,5,0.022,234.74,1,2.103,45,Normal
TCP/HTTP,338,11,4,4,0.033,0.364,0.364,7,0.021,441.62,0.714,2.105,53,Normal
TCP/HTTP,193,15,4,4,0.078,0.267,0.267,5,0.026,402.71,1,2.121,43,Normal
TCP/HTTP,220,19,2,2,0.086,0.105,0.105,8,0.036,224.34,1,2.133,58,Normal
TCP/HTTP,145,13,5,5,0.09,0.385,0.385,5,0.034,258.38,1,2.128,25,Normal
TCP/HTTP,161,15,0,0,0.093,0,0,8,0.05,269.36,1,2.136,42,Normal
TCP/HTTP,165,1,0,0,0.006,0,0,2,0.012,674.77,1,2.155,30,Normal
TCP/HTTP,146,3,1,1,0.021,0.333,0.333,1,0.007,564.56,1,2.168,32,Normal
TCP/HTTP,167,12,1,1,0.072,0.083,0.083,10,0.06,365.87,1,2.197,40,Normal
TCP/HTTP,98,5,1,1,0.051,0.2,0.2,2,0.02,372.37,1,2.213,31,Normal
TCP/HTTP,111,10,2,2,0.09,0.2,0.2,6,0.054,168.6,1,2.249,41,Normal
TCP/HTTP,210,16,6,6,0.076,0.375,0.375,7,0.033,464.62,0.714,2.257,37,Normal
TCP/HTTP,193,15,15,15,0.078,1,1,18,0.093,477.99,1,0.323,16,Normal
TCP/HTTP,99,5,4,4,0.051,0.8,0.8,12,0.121,664.08,1,0.619,8,Normal
TCP/HTTP,32,1,2,2,0.031,2,2,2,0.062,519.56,1,0.737,4,Normal
TCP/HTTP,31,1,1,1,0.032,1,1,1,0.032,297.87,1,0.808,5,Normal
TCP/HTTP,4,0,0,0,0,0,0,0,0,57,0,1.106,3,Normal
TCP/HTTP,14,0,0,0,0,0,0,2,0.143,336.07,1,2.525,4,Normal
TCP/HTTP,9,0,0,0,0,0,0,0,0,160,0,2.909,3,Normal
TCP/HTTP,307,15,15,15,0.049,1,1,2,0.007,389.04,1,2.712,6,Normal
TCP/HTTP,82,4,4,4,0.049,1,1,5,0.061,678.37,1,2.596,5,Normal
TCP/HTTP,20,1,1,1,0.05,1,1,1,0.05,556.17,1,2.612,3,Normal
TCP/HTTP,419,25,23,23,0.06,0.92,0.92,50,0.119,701.42,1,3.65,16,Normal
TCP/HTTP,677,17,19,19,0.025,1.118,1.118,38,0.056,858.67,1,3.065,15,Normal
TCP/HTTP,79,2,2,2,0.025,1,1,8,0.101,379.61,1,3.687,8,Normal
TCP/HTTP,137,0,0,0,0,0,0,16,0.117,849.66,1,4.09,4,Normal
TCP/HTTP,17,1,1,1,0.059,1,1,1,0.059,89.59,1,4.387,5,Normal
TCP/HTTP,133,5,5,5,0.038,1,1,5,0.038,390.78,1,6.431,9,Normal
TCP/HTTP,53,4,4,4,0.075,1,1,4,0.075,505.55,1,6.372,5,Normal
TCP/HTTP,28,1,1,1,0.036,1,1,1,0.036,267,1,6.493,5,Normal
TCP/HTTP,15,3,3,3,0.2,1,1,0,0,64.93,0,6.356,6,Normal
TCP/HTTP,74,4,4,4,0.054,1,1,4,0.054,745.69,1,6.173,3,Normal
TCP/HTTP,27,0,0,0,0,0,0,1,0.037,125.37,1,6.617,4,Normal
TCP/HTTP,352,12,12,12,0.034,1,1,26,0.074,775.34,0.962,8.814,21,Normal
TCP/HTTP,334,5,5,5,0.015,1,1,6,0.018,958.78,1,8.494,7,Normal
TCP/HTTP,10,0,0,0,0,0,0,0,0,57,0,8.625,4,Normal
TCP/HTTP,32,0,0,0,0,0,0,0,0,57,0,9.096,7,Normal
TCP/HTTP,62,4,3,3,0.065,0.75,0.75,7,0.113,592.6,1,9.311,9,Normal
TCP/HTTP,235,5,6,6,0.021,1.2,1.2,17,0.072,783.83,1,9.793,17,Normal
TCP/HTTP,218,5,5,5,0.023,1,1,4,0.018,896.47,1,9.625,7,Normal
TCP/HTTP,14,0,0,0,0,0,0,0,0,62.21,0,9.805,7,Normal
TCP/HTTP,12,0,0,0,0,0,0,1,0.083,340.75,1,9.909,5,Normal
TCP/HTTP,9,1,1,1,0.111,1,1,1,0.111,163.78,1,9.868,3,Normal
TCP/HTTP,16,1,1,1,0.062,1,1,1,0.062,324.44,1,9.79,4,Normal
TCP/HTTP,46,3,3,3,0.065,1,1,2,0.043,366.15,1,9.897,6,Normal
TCP/HTTP,2,0,0,0,0,0,0,0,0,57,0,9.909,2,Normal
TCP/HTTP,31,3,3,3,0.097,1,1,3,0.097,138.97,1,9.784,7,Normal
TCP/HTTP,8,0,0,0,0,0,0,1,0.125,482.25,1,9.797,3,Normal
TCP/HTTP,31,1,1,1,0.032,1,1,1,0.032,360.55,1,9.964,6,Normal
TCP/HTTP,104,7,7,7,0.067,1,1,7,0.067,550.44,0.714,10.101,6,Normal
TCP/HTTP,7,0,0,0,0,0,0,0,0,126.14,0,10.266,5,Normal
TCP/HTTP,21,2,1,1,0.095,0.5,0.5,1,0.048,74.48,1,10.293,6,Normal
TCP/HTTP,75,5,5,5,0.067,1,1,3,0.04,367.05,1,10.079,8,Normal
TCP/HTTP,79,6,3,3,0.076,0.5,0.5,3,0.038,498.94,1,9.833,5,Normal
TCP/HTTP,19,3,1,1,0.158,0.333,0.333,0,0,115.53,0,9.765,3,Normal
TCP/HTTP,43,6,1,1,0.14,0.167,0.167,1,0.023,79.14,1,9.602,9,Normal
TCP/HTTP,73,6,2,2,0.082,0.333,0.333,0,0,71.27,0,8.925,6,Normal
TCP/HTTP,171,5,5,5,0.029,1,1,0,0,377.89,0,8.872,12,Normal
TCP/HTTP,716,7,7,7,0.01,1,1,0,0,866.37,0,8.612,14,Normal
TCP/HTTP,507,12,12,12,0.024,1,1,6,0.012,703.74,1,8.345,14,Normal
TCP/HTTP,254,6,4,4,0.024,0.667,0.667,12,0.047,495.9,1,8.155,15,Normal
TCP/HTTP,174,8,9,9,0.046,1.125,1.125,3,0.017,143.98,1,8.809,11,Normal
TCP/HTTP,135,7,6,6,0.052,0.857,0.857,4,0.03,508.81,1,8.634,13,Normal
TCP/HTTP,66,8,2,2,0.121,0.25,0.25,3,0.045,301.92,1,9.072,12,Normal
TCP/HTTP,111,5,1,1,0.045,0.2,0.2,0,0,458.32,0,9.672,11,Normal
TCP/HTTP,94,12,7,7,0.128,0.583,0.583,3,0.032,236.01,1,9.785,13,Normal
TCP/HTTP,52,3,4,4,0.058,1.333,1.333,3,0.058,113.46,1,9.927,10,Normal
TCP/HTTP,183,8,8,8,0.044,1,1,16,0.087,680.22,0.938,11.807,22,Normal
TCP/HTTP,344,8,8,8,0.023,1,1,10,0.029,804.88,1,12.064,18,Normal
TCP/HTTP,35,2,3,3,0.057,1.5,1.5,2,0.057,334.31,1,12.476,8,Normal
TCP/HTTP,186,8,8,8,0.043,1,1,21,0.113,644.99,0.952,12.832,21,Normal
TCP/HTTP,211,2,2,2,0.009,1,1,5,0.024,936.31,1,12.874,7,Normal
TCP/HTTP,47,0,0,0,0,0,0,0,0,247.21,0,13.665,10,Normal
TCP/HTTP,83,1,1,1,0.012,1,1,3,0.036,529.75,1,14.142,8,Normal
TCP/HTTP,29,1,1,1,0.034,1,1,1,0.034,361.52,1,14.208,5,Normal
TCP/HTTP,22,3,2,2,0.136,0.667,0.667,1,0.045,116,1,14.284,8,Normal
TCP/HTTP,138,1,3,3,0.007,3,3,1,0.007,572.17,1,14.287,8,Normal
TCP/HTTP,23,0,0,0,0,0,0,0,0,155.78,0,14.453,6,Normal
TCP/HTTP,12,1,1,1,0.083,1,1,0,0,132,0,14.467,5,Normal
TCP/HTTP,291,12,12,12,0.041,1,1,28,0.096,811.05,1,14.243,13,Normal
TCP/HTTP,777,13,13,13,0.017,1,1,44,0.057,919.18,1,14.006,12,Normal
TCP/HTTP,152,1,1,1,0.007,1,1,21,0.138,866.74,1,13.986,5,Normal
TCP/HTTP,88,4,4,4,0.045,1,1,4,0.045,681.77,1,14.439,6,Normal
TCP/HTTP,129,9,7,7,0.07,0.778,0.778,7,0.054,635.25,1,15.539,8,Normal
TCP/HTTP,24,2,0,0,0.083,0,0,0,0,75.54,0,16.172,6,Normal
TCP/HTTP,33,4,2,2,0.121,0.5,0.5,1,0.03,106.48,1,16.093,6,Normal
TCP/HTTP,529,13,13,13,0.025,1,1,35,0.066,837.71,0.971,16.611,22,Normal
TCP/HTTP,197,1,1,1,0.005,1,1,1,0.005,1059.22,1,16.544,4,Normal
TCP/HTTP,64,2,2,2,0.031,1,1,0,0,650.25,0,17.216,5,Normal
TCP/HTTP,72,3,3,3,0.042,1,1,1,0.014,504.11,1,17.132,5,Normal
TCP/HTTP,51,2,2,2,0.039,1,1,0,0,129.47,0,16.849,9,Normal
TCP/HTTP,99,2,2,2,0.02,1,1,1,0.01,404,1,16.77,6,Normal
TCP/HTTP,190,5,5,5,0.026,1,1,13,0.068,409.89,1,16.592,6,Normal
TCP/HTTP,28,1,1,1,0.036,1,1,1,0.036,288.12,1,16.793,6,Normal
TCP/HTTP,92,5,5,5,0.054,1,1,4,0.043,324.02,1,16.659,9,Normal
TCP/HTTP,118,4,4,4,0.034,1,1,6,0.051,535.37,1,16.591,11,Normal
TCP/HTTP,114,1,1,1,0.009,1,1,0,0,639.54,0,16.63,5,Normal
TCP/HTTP,118,2,2,2,0.017,1,1,5,0.042,323.02,0.8,15.905,9,Normal
TCP/HTTP,534,8,8,8,0.015,1,1,7,0.013,923.7,1,16.376,9,Normal
TCP/HTTP,50,0,0,0,0,0,0,0,0,567,0,16.398,3,Normal
TCP/HTTP,70,1,1,1,0.014,1,1,0,0,352.46,0,16.425,7,Normal
TCP/HTTP,192,4,4,4,0.021,1,1,0,0,852.09,0,16.305,2,Normal
TCP/HTTP,47,0,0,0,0,0,0,0,0,448.26,0,16.436,6,Normal
TCP/HTTP,25,0,0,0,0,0,0,0,0,55.92,0,16.149,5,Normal
TCP/HTTP,17,1,1,1,0.059,1,1,1,0.059,521.18,1,16.114,2,Normal
TCP/HTTP,321,4,4,4,0.012,1,1,0,0,813.29,0,16.232,6,Normal
TCP/HTTP,29,3,2,2,0.103,0.667,0.667,1,0.034,179.9,1,16.185,6,Normal
TCP/HTTP,44,1,0,0,0.023,0,0,0,0,558.48,0,17.26,8,Normal
TCP/HTTP,50,2,0,0,0.04,0,0,0,0,805.74,0,17.328,4,Normal
TCP/HTTP,75,1,1,1,0.013,1,1,1,0.013,772.76,1,17.432,5,Normal
TCP/HTTP,56,0,0,0,0,0,0,0,0,703.89,0,17.467,6,Normal
TCP/HTTP,6,2,0,0,0.333,0,0,0,0,58.67,0,17.568,4,Normal
TCP/HTTP,26,0,0,0,0,0,0,0,0,872.31,0,17.646,3,Normal
TCP/HTTP,84,0,0,0,0,0,0,0,0,931.35,0,17.949,4,Normal
TCP/HTTP,33,1,1,1,0.03,1,1,1,0.03,307.36,1,17.952,4,Normal
TCP/HTTP,22,1,1,1,0.045,1,1,1,0.045,545.64,1,17.914,2,Normal
TCP/HTTP,187,0,0,0,0,0,0,0,0,812.02,0,18.18,7,Normal
TCP/HTTP,7,0,0,0,0,0,0,0,0,55.71,0,18.33,4,Normal
TCP/HTTP,20,1,1,1,0.05,1,1,1,0.05,82,1,18.386,6,Normal
TCP/HTTP,10,0,0,0,0,0,0,0,0,57.22,0,18.393,3,Normal
TCP/HTTP,47,0,0,0,0,0,0,0,0,837.55,0,18.522,2,Normal
TCP/HTTP,383,2,2,2,0.005,1,1,0,0,843.74,0,18.754,4,Normal
TCP/HTTP,56,2,2,2,0.036,1,1,0,0,584.35,0,18.599,4,Normal
TCP/HTTP,16,0,0,0,0,0,0,0,0,55.6,0,18.938,3,Normal
TCP/HTTP,92,5,5,5,0.054,1,1,5,0.054,609.07,1,0.187,4,Normal
TCP/HTTP,14,0,0,0,0,0,0,3,0.214,261.71,1,0.393,2,Normal
TCP/HTTP,3992,241,72,72,0.06,0.299,0.299,124,0.031,338.54,0.476,0.201,240,Normal
TCP/HTTP,4482,255,84,83,0.057,0.329,0.325,161,0.036,380.77,0.596,0.537,267,Normal
TCP/HTTP,4259,257,97,97,0.06,0.377,0.377,206,0.048,499.68,0.714,0.727,263,Normal
TCP/HTTP,4463,279,99,99,0.063,0.355,0.355,197,0.044,502.46,0.746,0.994,266,Normal
TCP/HTTP,2110,198,23,23,0.094,0.116,0.116,117,0.055,185.41,0.641,1.172,213,Normal
TCP/HTTP,2876,223,53,53,0.078,0.238,0.238,113,0.039,248.28,0.628,1.454,236,Normal
TCP/HTTP,4812,220,41,41,0.046,0.186,0.186,120,0.025,626.93,0.625,1.608,230,Normal
TCP/HTTP,4690,244,72,72,0.052,0.295,0.295,139,0.03,494.13,0.532,1.857,217,Normal
TCP/HTTP,4296,241,66,66,0.056,0.274,0.274,161,0.037,487.97,0.702,2.059,214,Normal
TCP/HTTP,2750,154,29,29,0.056,0.188,0.188,79,0.029,376.47,0.722,2.261,196,Normal
TCP/HTTP,2248,124,40,40,0.055,0.323,0.323,63,0.028,354.42,0.825,0.109,166,Normal
TCP/HTTP,1756,117,32,32,0.067,0.274,0.274,61,0.035,316.74,0.852,0.205,190,Normal
TCP/HTTP,2400,125,41,41,0.052,0.328,0.328,63,0.026,387.05,0.857,0.4,162,Normal
TCP/HTTP,2073,130,43,42,0.063,0.331,0.323,98,0.047,374.96,0.878,0.537,220,Normal
TCP/HTTP,1959,138,56,56,0.07,0.406,0.406,87,0.044,437.86,0.908,0.605,193,Normal
TCP/HTTP,2297,119,41,41,0.052,0.345,0.345,119,0.052,552.49,0.933,0.727,183,Normal
TCP/HTTP,2939,158,65,65,0.054,0.411,0.411,109,0.037,613.13,0.936,0.87,202,Normal
TCP/HTTP,1527,121,34,34,0.079,0.281,0.281,88,0.058,288.04,0.977,0.995,203,Normal
TCP/HTTP,1033,100,7,7,0.097,0.07,0.07,55,0.053,188.76,0.964,1.089,153,Normal
TCP/HTTP,1089,102,16,16,0.094,0.157,0.157,62,0.057,181.36,0.968,1.171,169,Normal
TCP/HTTP,1304,114,30,30,0.087,0.263,0.263,58,0.044,256.95,0.966,1.301,179,Normal
TCP/HTTP,1560,105,23,23,0.067,0.219,0.219,55,0.035,242.15,0.964,1.456,171,Normal
TCP/HTTP,2756,113,24,24,0.041,0.212,0.212,60,0.022,701.6,0.95,1.515,166,Normal
TCP/HTTP,2054,107,17,17,0.052,0.159,0.159,60,0.029,527.25,0.95,1.608,178,Normal
TCP/HTTP,1835,115,28,28,0.063,0.243,0.243,70,0.038,399.88,0.829,1.711,168,Normal
TCP/HTTP,2906,131,44,44,0.045,0.336,0.336,70,0.024,557.41,0.871,1.862,165,Normal
TCP/HTTP,2885,139,43,43,0.048,0.309,0.309,106,0.037,592.65,0.943,1.978,163,Normal
TCP/HTTP,1385,100,23,23,0.072,0.23,0.23,55,0.04,260.84,0.964,2.062,153,Normal
TCP/HTTP,2012,106,18,18,0.053,0.17,0.17,51,0.025,378.35,0.941,2.154,151,Normal
TCP/HTTP,712,48,11,11,0.067,0.229,0.229,27,0.038,368.31,0.926,2.261,108,Normal
TCP/HTTP,441,29,23,23,0.066,0.793,0.793,16,0.036,451.02,1,0.201,63,Normal
TCP/HTTP,303,7,1,1,0.023,0.143,0.143,3,0.01,609.08,1,0.156,49,Normal
TCP/HTTP,270,15,0,0,0.056,0,0,9,0.033,363.49,0.778,0.163,48,Normal
TCP/HTTP,227,13,7,6,0.057,0.538,0.462,4,0.018,512,1,0.163,37,Normal
TCP/HTTP,245,14,3,3,0.057,0.214,0.214,15,0.061,424.37,1,0.162,38,Normal
TCP/HTTP,313,20,2,2,0.064,0.1,0.1,15,0.048,392.07,1,0.199,54,Normal
TCP/HTTP,205,10,0,0,0.049,0,0,4,0.02,368.43,0.75,0.191,41,Normal
TCP/HTTP,230,7,0,0,0.03,0,0,4,0.017,463.66,1,0.194,46,Normal
TCP/HTTP,116,2,1,1,0.017,0.5,0.5,2,0.017,642.1,1,0.197,23,Normal
TCP/HTTP,167,13,2,2,0.078,0.154,0.154,4,0.024,418.97,1,0.19,42,Normal
TCP/HTTP,300,12,10,10,0.04,0.833,0.833,14,0.047,644.87,1,0.183,48,Normal
TCP/HTTP,262,10,0,0,0.038,0,0,9,0.034,661.04,1,0.218,36,Normal
TCP/HTTP,305,28,12,11,0.092,0.429,0.393,18,0.059,448.34,0.889,0.213,45,Normal
TCP/HTTP,383,10,10,10,0.026,1,1,22,0.057,646.08,1,0.217,55,Normal
TCP/HTTP,400,16,2,2,0.04,0.125,0.125,10,0.025,677.27,1,0.238,42,Normal
TCP/HTTP,340,18,2,2,0.053,0.111,0.111,11,0.032,279.35,1,0.24,48,Normal
TCP/HTTP,174,6,0,0,0.034,0,0,5,0.029,486.61,1,0.243,48,Normal
TCP/HTTP,189,8,0,0,0.042,0,0,8,0.042,475.2,1,0.249,33,Normal
TCP/HTTP,217,6,4,4,0.028,0.667,0.667,7,0.032,698.14,1,0.265,31,Normal
TCP/HTTP,252,19,3,3,0.075,0.158,0.158,7,0.028,457.63,1,0.283,61,Normal
TCP/HTTP,244,14,13,13,0.057,0.929,0.929,15,0.061,416.74,1,0.308,52,Normal
TCP/HTTP,334,10,5,5,0.03,0.5,0.5,12,0.036,632.98,1,0.369,69,Normal
TCP/HTTP,294,23,7,7,0.078,0.304,0.304,11,0.037,564.89,0.818,0.387,50,Normal
TCP/HTTP,357,6,2,2,0.017,0.333,0.333,2,0.006,521.71,1,0.41,49,Normal
TCP/HTTP,220,16,5,5,0.073,0.312,0.312,8,0.036,441.33,1,0.405,35,Normal
TCP/HTTP,388,31,8,8,0.08,0.258,0.258,23,0.059,419.98,1,0.422,57,Normal
TCP/HTTP,292,7,7,7,0.024,1,1,6,0.021,810.21,1,0.424,37,Normal
TCP/HTTP,320,14,3,3,0.044,0.214,0.214,11,0.034,698.22,1,0.441,45,Normal
TCP/HTTP,230,7,2,2,0.03,0.286,0.286,7,0.03,826.81,1,0.44,23,Normal
TCP/HTTP,345,14,7,7,0.041,0.5,0.5,17,0.049,699.83,1,0.454,57,Normal
TCP/HTTP,306,8,8,8,0.026,1,1,16,0.052,670.42,1,0.516,44,Normal
TCP/HTTP,237,9,0,0,0.038,0,0,5,0.021,654.9,1,0.54,41,Normal
TCP/HTTP,173,14,3,3,0.081,0.214,0.214,14,0.081,339.44,0.929,0.545,40,Normal
TCP/HTTP,133,6,0,0,0.045,0,0,3,0.023,410.53,1,0.565,34,Normal
TCP/HTTP,199,13,3,3,0.065,0.231,0.231,8,0.04,369.46,1,0.597,52,Normal
TCP/HTTP,400,44,11,10,0.11,0.25,0.227,18,0.045,396.54,1,0.612,53,Normal
TCP/HTTP,265,10,17,17,0.038,1.7,1.7,14,0.053,401.08,1,0.629,46,Normal
TCP/HTTP,298,21,9,9,0.07,0.429,0.429,17,0.057,477.07,1,0.633,49,Normal
TCP/HTTP,207,6,6,6,0.029,1,1,14,0.068,508.37,1,0.648,40,Normal
TCP/HTTP,231,18,7,7,0.078,0.389,0.389,10,0.043,456.5,1,0.641,39,Normal
TCP/HTTP,266,16,10,10,0.06,0.625,0.625,16,0.06,467.78,1,0.658,33,Normal
TCP/HTTP,352,10,9,9,0.028,0.9,0.9,13,0.037,459.88,1,0.656,54,Normal
TCP/HTTP,288,15,3,3,0.052,0.2,0.2,11,0.038,407.42,0.909,0.671,47,Normal
TCP/HTTP,355,14,9,9,0.039,0.643,0.643,11,0.031,713.05,1,0.669,31,Normal
TCP/HTTP,364,11,3,3,0.03,0.273,0.273,8,0.022,530.21,1,0.692,36,Normal
TCP/HTTP,334,20,0,0,0.06,0,0,10,0.03,450.54,1,0.697,50,Normal
TCP/HTTP,186,6,0,0,0.032,0,0,5,0.027,553.53,1,0.704,39,Normal
TCP/HTTP,478,19,9,9,0.04,0.474,0.474,15,0.031,497.47,1,0.728,47,Normal
TCP/HTTP,253,5,2,2,0.02,0.4,0.4,5,0.02,594.51,1,0.739,37,Normal
TCP/HTTP,219,7,3,3,0.032,0.429,0.429,5,0.023,544.46,1,0.75,48,Normal
TCP/HTTP,309,12,3,3,0.039,0.25,0.25,11,0.036,470.39,1,0.763,50,Normal
TCP/HTTP,118,9,2,2,0.076,0.222,0.222,5,0.042,264.24,1,0.78,37,Normal
TCP/HTTP,199,14,0,0,0.07,0,0,9,0.045,285.25,0.889,0.798,38,Normal
TCP/HTTP,160,5,1,1,0.031,0.2,0.2,4,0.025,506.46,1,0.814,32,Normal
TCP/HTTP,188,10,0,0,0.053,0,0,6,0.032,460.84,1,0.827,43,Normal
TCP/HTTP,291,20,0,0,0.069,0,0,13,0.045,418.8,1,0.86,57,Normal
TCP/HTTP,205,4,0,0,0.02,0,0,6,0.029,614.67,1,0.908,42,Normal
TCP/HTTP,253,15,1,1,0.059,0.067,0.067,10,0.04,444.51,1,0.936,47,Normal
TCP/HTTP,159,5,2,2,0.031,0.4,0.4,3,0.019,466.94,1,0.951,32,Normal
TCP/HTTP,157,6,1,1,0.038,0.167,0.167,3,0.019,462.7,1,0.99,38,Normal
TCP/HTTP,210,9,0,0,0.043,0,0,7,0.033,448.1,1,1.007,45,Normal
TCP/HTTP,194,6,1,1,0.031,0.167,0.167,3,0.015,502.9,1,1.028,47,Normal
TCP/HTTP,212,16,3,3,0.075,0.188,0.188,8,0.038,395.05,0.875,1.034,48,Normal
TCP/HTTP,173,6,0,0,0.035,0,0,3,0.017,537.32,1,1.046,38,Normal
TCP/HTTP,220,9,1,1,0.041,0.111,0.111,6,0.027,513.45,1,1.052,38,Normal
TCP/HTTP,285,22,0,0,0.077,0,0,15,0.053,466.42,1,1.069,38,Normal
TCP/HTTP,163,4,0,0,0.025,0,0,2,0.012,583.02,1,1.094,33,Normal
TCP/HTTP,211,17,0,0,0.081,0,0,6,0.028,553.09,1,1.099,27,Normal
TCP/HTTP,196,3,5,5,0.015,1.667,1.667,3,0.015,594.27,1,1.113,40,Normal
TCP/HTTP,131,6,0,0,0.046,0,0,2,0.015,424.98,1,1.118,40,Normal
TCP/HTTP,211,9,2,2,0.043,0.222,0.222,6,0.028,608.41,1,1.117,28,Normal
TCP/HTTP,258,12,6,6,0.047,0.5,0.5,11,0.043,667.45,1,1.121,31,Normal
TCP/HTTP,266,9,1,1,0.034,0.111,0.111,6,0.023,600.78,1,1.13,33,Normal
TCP/HTTP,207,12,1,1,0.058,0.083,0.083,9,0.043,520.6,0.778,1.142,25,Normal
TCP/HTTP,180,14,3,3,0.078,0.214,0.214,7,0.039,386.53,1,1.146,38,Normal
TCP/HTTP,283,21,3,3,0.074,0.143,0.143,13,0.046,348.61,1,1.175,45,Normal
TCP/HTTP,443,6,0,0,0.014,0,0,2,0.005,524.44,1,1.199,62,Normal
TCP/HTTP,537,43,25,25,0.08,0.581,0.581,11,0.02,484.92,1,1.182,57,Normal
TCP/HTTP,267,6,9,9,0.022,1.5,1.5,8,0.03,508.99,1,1.208,53,Normal
TCP/HTTP,403,9,8,8,0.022,0.889,0.889,15,0.037,528.85,1,1.222,60,Normal
TCP/HTTP,373,18,4,4,0.048,0.222,0.222,13,0.035,430.03,1,1.248,58,Normal
TCP/HTTP,212,7,4,4,0.033,0.571,0.571,10,0.047,477.89,1,1.258,46,Normal
TCP/HTTP,285,14,4,4,0.049,0.286,0.286,12,0.042,432.63,1,1.269,51,Normal
TCP/HTTP,242,8,1,1,0.033,0.125,0.125,6,0.025,541.04,0.833,1.267,31,Normal
TCP/HTTP,268,9,0,0,0.034,0,0,5,0.019,627.88,1,1.277,32,Normal
TCP/HTTP,346,23,1,1,0.066,0.043,0.043,12,0.035,612.92,1,1.273,41,Normal
TCP/HTTP,227,6,0,0,0.026,0,0,5,0.022,471.83,1,1.3,36,Normal
TCP/HTTP,208,27,0,0,0.13,0,0,6,0.029,395.05,1,1.311,42,Normal
TCP/HTTP,250,3,8,8,0.012,2.667,2.667,4,0.016,424.64,1,1.323,55,Normal
TCP/HTTP,298,4,2,2,0.013,0.5,0.5,5,0.017,716,1,1.381,47,Normal
TCP/HTTP,303,13,0,0,0.043,0,0,6,0.02,621.1,1,1.394,45,Normal
TCP/HTTP,283,17,14,14,0.06,0.824,0.824,12,0.042,529.37,1,1.399,46,Normal
TCP/HTTP,381,10,0,0,0.026,0,0,5,0.013,584.71,1,1.431,56,Normal
TCP/HTTP,264,14,2,2,0.053,0.143,0.143,8,0.03,499.19,0.75,1.442,44,Normal
TCP/HTTP,451,13,4,4,0.029,0.308,0.308,7,0.016,760.51,1,1.451,45,Normal
TCP/HTTP,414,23,7,6,0.056,0.304,0.261,14,0.034,548.8,1,1.458,66,Normal
TCP/HTTP,400,16,4,4,0.04,0.25,0.25,10,0.025,678.96,1,1.46,43,Normal
TCP/HTTP,317,14,2,2,0.044,0.143,0.143,6,0.019,656.9,1,1.474,38,Normal
TCP/HTTP,255,0,2,2,0,0,0,3,0.012,743.67,1,1.488,41,Normal
TCP/HTTP,271,3,2,2,0.011,0.667,0.667,3,0.011,772.27,1,1.501,38,Normal
TCP/HTTP,215,12,1,1,0.056,0.083,0.083,10,0.047,266.9,1,1.504,40,Normal
TCP/HTTP,280,6,1,1,0.021,0.167,0.167,8,0.029,705.54,1,1.511,44,Normal
TCP/HTTP,255,8,1,1,0.031,0.125,0.125,8,0.031,512.75,1,1.532,44,Normal
TCP/HTTP,234,18,3,3,0.077,0.167,0.167,12,0.051,466.29,0.833,1.528,34,Normal
TCP/HTTP,313,11,1,1,0.035,0.091,0.091,7,0.022,682.47,1,1.543,41,Normal
TCP/HTTP,344,16,0,0,0.047,0,0,11,0.032,689.03,1,1.555,33,Normal
TCP/HTTP,192,18,10,10,0.094,0.556,0.556,7,0.036,375.66,1,1.557,43,Normal
TCP/HTTP,203,12,0,0,0.059,0,0,8,0.039,550.62,1,1.572,33,Normal
TCP/HTTP,72,2,0,0,0.028,0,0,2,0.028,343.46,1,1.581,29,Normal
TCP/HTTP,88,3,1,1,0.034,0.333,0.333,1,0.011,373.76,1,1.598,38,Normal
TCP/HTTP,153,15,2,2,0.098,0.133,0.133,8,0.052,270.75,1,1.601,40,Normal
TCP/HTTP,158,10,1,1,0.063,0.1,0.1,4,0.025,517.59,1,1.61,29,Normal
TCP/HTTP,153,8,5,5,0.052,0.625,0.625,4,0.026,314.67,1,1.633,44,Normal
TCP/HTTP,120,10,0,0,0.083,0,0,5,0.042,204.52,0.6,1.645,33,Normal
TCP/HTTP,102,10,0,0,0.098,0,0,3,0.029,238.16,1,1.67,32,Normal
TCP/HTTP,155,19,1,1,0.123,0.053,0.053,10,0.065,182.94,1,1.702,47,Normal
TCP/HTTP,116,13,3,3,0.112,0.231,0.231,7,0.06,226.12,1,1.71,22,Normal
TCP/HTTP,135,21,4,4,0.156,0.19,0.19,10,0.074,245.99,1,1.711,34,Normal
TCP/HTTP,79,0,5,5,0,0,0,0,0,395.66,0,1.717,21,Normal
TCP/HTTP,89,6,1,1,0.067,0.167,0.167,2,0.022,304.75,1,1.734,36,Normal
TCP/HTTP,184,14,3,3,0.076,0.214,0.214,5,0.027,370.45,1,1.754,42,Normal
TCP/HTTP,99,4,2,2,0.04,0.5,0.5,2,0.02,370.3,1,1.761,32,Normal
TCP/HTTP,131,10,2,2,0.076,0.2,0.2,4,0.031,360.8,1,1.754,36,Normal
TCP/HTTP,228,10,1,1,0.044,0.1,0.1,7,0.031,585.31,0.714,1.775,34,Normal
TCP/HTTP,310,14,0,0,0.045,0,0,6,0.019,658.16,1,1.771,35,Normal
TCP/HTTP,346,19,2,2,0.055,0.105,0.105,9,0.026,599.52,1,1.769,44,Normal
TCP/HTTP,422,9,0,0,0.021,0,0,6,0.014,525.05,1,1.794,38,Normal
TCP/HTTP,272,13,2,2,0.048,0.154,0.154,7,0.026,427.58,1,1.802,40,Normal
TCP/HTTP,157,0,0,0,0,0,0,0,0,616.8,0,1.827,35,Normal
TCP/HTTP,143,6,1,1,0.042,0.167,0.167,1,0.007,599.18,1,1.846,31,Normal
TCP/HTTP,206,11,2,2,0.053,0.182,0.182,7,0.034,500.08,1,1.852,34,Normal
TCP/HTTP,170,9,2,2,0.053,0.222,0.222,3,0.018,453.66,1,1.867,34,Normal
TCP/HTTP,144,12,1,1,0.083,0.083,0.083,4,0.028,375.37,1,1.881,35,Normal
TCP/HTTP,159,10,2,2,0.063,0.2,0.2,6,0.038,275.06,0.667,1.886,35,Normal
TCP/HTTP,125,10,0,0,0.08,0,0,4,0.032,228.87,1,1.91,39,Normal
TCP/HTTP,193,19,0,0,0.098,0,0,10,0.052,264.76,1,1.923,49,Normal
TCP/HTTP,181,11,2,2,0.061,0.182,0.182,14,0.077,431.68,1,1.933,34,Normal
TCP/HTTP,377,13,1,1,0.034,0.077,0.077,15,0.04,591.02,1,1.971,51,Normal
TCP/HTTP,272,5,5,5,0.018,1,1,4,0.015,502.54,1,2.043,45,Normal
TCP/HTTP,129,4,0,0,0.031,0,0,2,0.016,615.57,1,2.052,31,Normal
TCP/HTTP,301,15,4,4,0.05,0.267,0.267,5,0.017,363.35,1,2.079,85,Normal
TCP/HTTP,225,6,2,2,0.027,0.333,0.333,4,0.018,473.4,1,2.109,66,Normal
TCP/HTTP,348,9,1,1,0.026,0.111,0.111,4,0.011,768.35,1,2.118,45,Normal
TCP/HTTP,239,11,1,1,0.046,0.091,0.091,5,0.021,603.67,0.6,2.114,26,Normal
TCP/HTTP,116,10,2,2,0.086,0.2,0.2,4,0.034,438.98,1,2.116,27,Normal
TCP/HTTP,149,19,0,0,0.128,0,0,9,0.06,261.24,1,2.115,34,Normal
TCP/HTTP,188,8,1,1,0.043,0.125,0.125,5,0.027,434.73,1,2.122,37,Normal
TCP/HTTP,189,14,0,0,0.074,0,0,5,0.026,397.11,1,2.132,38,Normal
TCP/HTTP,172,2,0,0,0.012,0,0,1,0.006,548.35,1,2.153,37,Normal
TCP/HTTP,180,5,1,1,0.028,0.2,0.2,1,0.006,600.88,1,2.159,33,Normal
TCP/HTTP,218,11,0,0,0.05,0,0,6,0.028,529.33,1,2.183,37,Normal
TCP/HTTP,360,15,10,10,0.042,0.667,0.667,5,0.014,671.93,1,2.209,46,Normal
TCP/HTTP,241,29,19,19,0.12,0.655,0.655,5,0.021,357.93,1,2.189,48,Normal
TCP/HTTP,232,11,4,4,0.047,0.364,0.364,8,0.034,421.22,0.75,2.203,53,Normal
TCP/HTTP,271,10,1,1,0.037,0.1,0.1,6,0.022,334.13,1,2.353,68,Normal
TCP/HTTP,229,26,1,1,0.114,0.038,0.038,10,0.044,392.32,1,2.349,38,Normal
TCP/HTTP,199,6,7,6,0.03,1.167,1,6,0.03,405.42,1,2.361,43,Normal
TCP/HTTP,245,14,1,1,0.057,0.071,0.071,11,0.045,595.63,1,2.363,34,Normal
TCP/HTTP,168,1,1,1,0.006,1,1,2,0.012,598.51,1,2.372,27,Normal
TCP/HTTP,122,2,0,0,0.016,0,0,2,0.016,474.23,1,2.389,41,Normal
TCP/HTTP,187,14,2,2,0.075,0.143,0.143,6,0.032,416.2,1,2.393,39,Normal
TCP/HTTP,167,11,3,3,0.066,0.273,0.273,6,0.036,430.87,1,2.404,39,Normal
TCP/HTTP,155,9,4,4,0.058,0.444,0.444,3,0.019,372.38,1,2.407,38,Normal
TCP/HTTP,151,11,1,1,0.073,0.091,0.091,7,0.046,376.15,0.714,2.418,25,Normal
TCP/HTTP,334,9,0,0,0.027,0,0,5,0.015,573.3,1,2.45,48,Normal
TCP/HTTP,325,17,1,1,0.052,0.059,0.059,10,0.031,520.31,1,2.457,44,Normal
TCP/HTTP,289,12,3,3,0.042,0.25,0.25,7,0.024,564.75,1,2.459,46,Normal
TCP/HTTP,176,17,1,1,0.097,0.059,0.059,6,0.034,402.05,1,2.467,34,Normal
TCP/HTTP,197,15,17,17,0.076,1.133,1.133,3,0.015,428.92,1,2.45,46,Normal
TCP/HTTP,112,2,1,1,0.018,0.5,0.5,2,0.018,593.21,1,2.448,29,Normal
TCP/HTTP,196,13,1,1,0.066,0.077,0.077,7,0.036,464.55,1,2.451,32,Normal
TCP/HTTP,172,8,1,1,0.047,0.125,0.125,3,0.017,573.72,1,2.47,39,Normal
TCP/HTTP,141,7,2,2,0.05,0.286,0.286,3,0.021,489.13,1,2.478,34,Normal
TCP/HTTP,238,21,9,9,0.088,0.429,0.429,9,0.038,482.89,0.778,2.488,41,Normal
TCP/HTTP,171,9,0,0,0.053,0,0,4,0.023,552.65,1,2.502,45,Normal
TCP/HTTP,211,17,2,2,0.081,0.118,0.118,8,0.038,544.03,1,2.51,39,Normal
TCP/HTTP,207,12,2,2,0.058,0.167,0.167,7,0.034,477.84,1,2.516,38,Normal
TCP/HTTP,151,14,0,0,0.093,0,0,6,0.04,218.99,1,2.533,43,Normal
TCP/HTTP,127,3,2,2,0.024,0.667,0.667,2,0.016,601.54,1,2.549,42,Normal
TCP/HTTP,115,2,1,1,0.017,0.5,0.5,1,0.009,464.95,1,2.57,43,Normal
TCP/HTTP,119,12,1,1,0.101,0.083,0.083,5,0.042,177.48,1,2.573,40,Normal
TCP/HTTP,105,9,1,1,0.086,0.111,0.111,4,0.038,260.48,1,2.579,39,Normal
TCP/HTTP,130,18,5,4,0.138,0.278,0.222,4,0.031,285.52,1,2.577,43,Normal
TCP/HTTP,261,11,8,8,0.042,0.727,0.727,6,0.023,381.88,0.667,2.582,47,Normal
TCP/HTTP,197,8,1,1,0.041,0.125,0.125,4,0.02,536.95,1,2.595,37,Normal
TCP/HTTP,188,19,0,0,0.101,0,0,10,0.053,219.91,1,2.602,50,Normal
TCP/HTTP,139,11,3,3,0.079,0.273,0.273,8,0.058,210.91,1,2.601,37,Normal
TCP/HTTP,208,16,1,0,0.077,0.062,0,6,0.029,240.25,1,2.627,61,Normal
TCP/HTTP,117,5,3,3,0.043,0.6,0.6,2,0.017,209.93,1,2.629,49,Normal
TCP/HTTP,91,5,3,3,0.055,0.6,0.6,5,0.055,304.21,1,2.631,34,Normal
TCP/HTTP,214,9,4,4,0.042,0.444,0.444,8,0.037,443.06,1,2.645,44,Normal
TCP/HTTP,228,9,1,1,0.039,0.111,0.111,5,0.022,539.74,1,2.662,47,Normal
TCP/HTTP,113,18,2,2,0.159,0.111,0.111,4,0.035,268.23,1,2.667,26,Normal
TCP/HTTP,168,13,7,7,0.077,0.538,0.538,8,0.048,240.28,0.75,2.679,44,Normal
TCP/HTTP,138,8,1,1,0.058,0.125,0.125,5,0.036,306.97,1,2.708,49,Normal
TCP/HTTP,161,26,5,5,0.161,0.192,0.192,15,0.093,207.12,1,2.71,38,Normal
TCP/HTTP,213,10,3,3,0.047,0.3,0.3,12,0.056,447.75,1,2.718,38,Normal
TCP/HTTP,332,14,2,2,0.042,0.143,0.143,11,0.033,574.67,1,2.744,54,Normal
TCP/HTTP,215,1,1,1,0.005,1,1,2,0.009,559.33,1,2.792,53,Normal
TCP/HTTP,302,5,1,1,0.017,0.2,0.2,3,0.01,690.54,1,2.804,41,Normal
TCP/HTTP,156,10,3,3,0.064,0.3,0.3,11,0.071,392.63,1,2.81,37,Normal
TCP/HTTP,226,11,0,0,0.049,0,0,6,0.027,672.48,1,2.823,34,Normal
TCP/HTTP,164,9,6,6,0.055,0.667,0.667,6,0.037,511.45,1,2.823,36,Normal
TCP/HTTP,152,16,3,3,0.105,0.188,0.188,6,0.039,206.54,0.667,2.818,36,Normal
TCP/HTTP,175,24,6,6,0.137,0.25,0.25,6,0.034,221.39,1,2.903,41,Normal
TCP/HTTP,146,11,10,10,0.075,0.909,0.909,16,0.11,210.3,1,2.931,32,Normal
TCP,664,228,228,0,0.343,1,0,0,0,55.33,0,0,1,SYN Flood
TCP,515,504,0,0,0.979,0,0,0,0,60,0,0,22,SYN Flood
TCP,970,320,320,0,0.33,1,0,0,0,55.33,0,0,1,SYN Flood
TCP,969,969,0,0,1,0,0,0,0,60,0,0,95,SYN Flood
TCP,551,551,0,0,1,0,0,0,0,60,0,0,40,SYN Flood
TCP,654,227,227,0,0.347,1,0,0,0,55.33,0,0,1,SYN Flood
TCP,322,110,110,0,0.342,1,0,0,0,55.33,0,0,1,SYN Flood
TCP,679,648,0,0,0.954,0,0,0,0,60,0,0,18,SYN Flood
TCP,571,548,0,0,0.96,0,0,0,0,60,0,0,20,SYN Flood
TCP,502,163,163,0,0.325,1,0,0,0,55.33,0,0,1,SYN Flood
TCP,571,571,0,0,1,0,0,0,0,60,0,0,27,SYN Flood
TCP,988,325,325,0,0.329,1,0,0,0,55.33,0,0,1,SYN Flood
TCP,439,140,140,0,0.319,1,0,0,0,55.33,0,0,1,SYN Flood
TCP,439,417,0,0,0.95,0,0,0,0,60,0,0,12,SYN Flood
TCP,884,280,280,0,0.317,1,0,0,0,55.33,0,0,1,SYN Flood
TCP,387,123,123,0,0.318,1,0,0,0,55.33,0,0,1,SYN Flood
TCP,447,144,144,0,0.322,1,0,0,0,55.33,0,0,1,SYN Flood
TCP,383,127,127,0,0.332,1,0,0,0,55.33,0,0,1,SYN Flood
TCP,518,500,0,0,0.965,0,0,0,0,60,0,0,28,SYN Flood
TCP,710,697,0,0,0.982,0,0,0,0,60,0,0,71,SYN Flood
TCP,985,341,341,0,0.346,1,0,0,0,55.33,0,0,1,SYN Flood
TCP,809,281,281,0,0.347,1,0,0,0,55.33,0,0,1,SYN Flood
TCP,642,213,213,0,0.332,1,0,0,0,55.33,0,0,1,SYN Flood
TCP,602,194,194,0,0.322,1,0,0,0,55.33,0,0,1,SYN Flood
TCP,101,101,0,0,1,0,0,0,0,60,0,0,101,SYN Flood
TCP,400,390,0,0,0.975,0,0,0,0,60,0,0,26,SYN Flood
TCP,829,275,275,0,0.332,1,0,0,0,55.33,0,0,1,SYN Flood
TCP,510,510,0,0,1,0,0,0,0,60,0,0,51,SYN Flood
TCP,836,819,0,0,0.98,0,0,0,0,60,0,0,34,SYN Flood
TCP,735,720,0,0,0.98,0,0,0,0,60,0,0,69,SYN Flood
TCP,565,556,0,0,0.984,0,0,0,0,60,0,0,41,SYN Flood
TCP,672,214,214,0,0.318,1,0,0,0,55.33,0,0,1,SYN Flood
TCP,954,323,323,0,0.339,1,0,0,0,55.33,0,0,1,SYN Flood
TCP,669,211,211,0,0.315,1,0,0,0,55.33,0,0,1,SYN Flood
TCP,725,245,245,0,0.338,1,0,0,0,55.33,0,0,1,SYN Flood
TCP,841,807,0,0,0.96,0,0,0,0,60,0,0,29,SYN Flood
TCP,239,239,0,0,1,0,0,0,0,60,0,0,239,SYN Flood
TCP,594,206,206,0,0.347,1,0,0,0,55.33,0,0,1,SYN Flood
TCP,303,99,99,0,0.327,1,0,0,0,55.33,0,0,1,SYN Flood
TCP,439,150,150,0,0.342,1,0,0,0,55.33,0,0,1,SYN Flood
TCP,935,308,308,0,0.329,1,0,0,0,55.33,0,0,1,SYN Flood
TCP,919,301,301,0,0.328,1,0,0,0,55.33,0,0,1,SYN Flood
TCP,918,302,302,0,0.329,1,0,0,0,55.33,0,0,1,SYN Flood
TCP,341,108,108,0,0.317,1,0,0,0,55.33,0,0,1,SYN Flood
TCP,399,127,127,0,0.318,1,0,0,0,55.33,0,0,1,SYN Flood
TCP,932,921,0,0,0.988,0,0,0,0,60,0,0,20,SYN Flood
TCP,799,799,0,0,1,0,0,0,0,60,0,0,43,SYN Flood
TCP,453,154,154,0,0.34,1,0,0,0,55.33,0,0,1,SYN Flood
TCP,971,971,0,0,1,0,0,0,0,60,0,0,62,SYN Flood
TCP,556,190,190,0,0.342,1,0,0,0,55.33,0,0,1,SYN Flood
TCP,524,177,177,0,0.338,1,0,0,0,55.33,0,0,1,SYN Flood
TCP,614,601,0,0,0.979,0,0,0,0,60,0,0,26,SYN Flood
TCP,359,346,0,0,0.964,0,0,0,0,60,0,0,30,SYN Flood
TCP,318,103,103,0,0.324,1,0,0,0,55.33,0,0,1,SYN Flood
TCP,638,219,219,0,0.343,1,0,0,0,55.33,0,0,1,SYN Flood
TCP,379,127,127,0,0.335,1,0,0,0,55.33,0,0,1,SYN Flood
TCP,601,206,206,0,0.343,1,0,0,0,55.33,0,0,1,SYN Flood
TCP,676,676,0,0,1,0,0,0,0,60,0,0,56,SYN Flood
TCP,733,242,242,0,0.33,1,0,0,0,55.33,0,0,1,SYN Flood
TCP,439,433,0,0,0.986,0,0,0,0,60,0,0,19,SYN Flood
TCP,860,860,0,0,1,0,0,0,0,60,0,0,22,SYN Flood
TCP,381,378,0,0,0.992,0,0,0,0,60,0,0,38,SYN Flood
TCP,824,824,0,0,1,0,0,0,0,60,0,0,16,SYN Flood
TCP,395,395,0,0,1,0,0,0,0,60,0,0,12,SYN Flood
TCP,860,848,0,0,0.986,0,0,0,0,60,0,0,10,SYN Flood
TCP,575,575,0,0,1,0,0,0,0,60,0,0,46,SYN Flood
TCP,374,374,0,0,1,0,0,0,0,60,0,0,31,SYN Flood
TCP,548,178,178,0,0.325,1,0,0,0,55.33,0,0,1,SYN Flood
TCP,824,287,287,0,0.348,1,0,0,0,55.33,0,0,1,SYN Flood
TCP,967,325,325,0,0.336,1,0,0,0,55.33,0,0,1,SYN Flood
TCP,861,294,294,0,0.341,1,0,0,0,55.33,0,0,1,SYN Flood
TCP,840,290,290,0,0.345,1,0,0,0,55.33,0,0,1,SYN Flood
TCP,642,210,210,0,0.327,1,0,0,0,55.33,0,0,1,SYN Flood
TCP,986,333,333,0,0.338,1,0,0,0,55.33,0,0,1,SYN Flood
TCP,485,485,0,0,1,0,0,0,0,60,0,0,485,SYN Flood
TCP,466,460,0,0,0.987,0,0,0,0,60,0,0,35,SYN Flood
TCP,524,174,174,0,0.332,1,0,0,0,55.33,0,0,1,SYN Flood
TCP,554,181,181,0,0.327,1,0,0,0,55.33,0,0,1,SYN Flood
TCP,725,241,241,0,0.332,1,0,0,0,55.33,0,0,1,SYN Flood
TCP,853,270,270,0,0.317,1,0,0,0,55.33,0,0,1,SYN Flood
TCP,952,918,0,0,0.964,0,0,0,0,60,0,0,11,SYN Flood
TCP,774,269,269,0,0.348,1,0,0,0,55.33,0,0,1,SYN Flood
TCP,629,219,219,0,0.348,1,0,0,0,55.33,0,0,1,SYN Flood
TCP,435,145,145,0,0.333,1,0,0,0,55.33,0,0,1,SYN Flood
TCP,696,233,233,0,0.335,1,0,0,0,55.33,0,0,1,SYN Flood
TCP,890,890,0,0,1,0,0,0,0,60,0,0,68,SYN Flood
TCP,993,336,336,0,0.338,1,0,0,0,55.33,0,0,1,SYN Flood
TCP,826,826,0,0,1,0,0,0,0,60,0,0,82,SYN Flood
TCP,335,107,107,0,0.319,1,0,0,0,55.33,0,0,1,SYN Flood
TCP,680,237,237,0,0.349,1,0,0,0,55.33,0,0,1,SYN Flood
TCP,463,150,150,0,0.324,1,0,0,0,55.33,0,0,1,SYN Flood
TCP,664,228,228,0,0.343,1,0,0,0,55.33,0,0,1,SYN Flood
TCP,894,894,0,0,1,0,0,0,0,60,0,0,48,SYN Flood
TCP,526,181,181,0,0.344,1,0,0,0,55.33,0,0,1,SYN Flood
TCP,716,238,238,0,0.332,1,0,0,0,55.33,0,0,1,SYN Flood
TCP,666,230,230,0,0.345,1,0,0,0,55.33,0,0,1,SYN Flood
TCP,882,305,305,0,0.346,1,0,0,0,55.33,0,0,1,SYN Flood
TCP,476,476,0,0,1,0,0,0,0,60,0,0,35,SYN Flood
TCP,755,262,262,0,0.347,1,0,0,0,55.33,0,0,1,SYN Flood
TCP,987,331,331,0,0.335,1,0,0,0,55.33,0,0,1,SYN Flood
TCP,747,252,252,0,0.337,1,0,0,0,55.33,0,0,1,SYN Flood
TCP,663,663,0,0,1,0,0,0,0,60,0,0,23,SYN Flood
TCP,687,222,222,0,0.323,1,0,0,0,55.33,0,0,1,SYN Flood
TCP,458,458,0,0,1,0,0,0,0,60,0,0,31,SYN Flood
TCP,675,675,0,0,1,0,0,0,0,60,0,0,675,SYN Flood
TCP,628,628,0,0,1,0,0,0,0,60,0,0,27,SYN Flood
TCP,918,918,0,0,1,0,0,0,0,60,0,0,64,SYN Flood
TCP,546,176,176,0,0.322,1,0,0,0,55.33,0,0,1,SYN Flood
TCP,477,477,0,0,1,0,0,0,0,60,0,0,11,SYN Flood
TCP,497,484,0,0,0.974,0,0,0,0,60,0,0,27,SYN Flood
TCP,463,460,0,0,0.994,0,0,0,0,60,0,0,10,SYN Flood
TCP,790,254,254,0,0.322,1,0,0,0,55.33,0,0,1,SYN Flood
TCP,634,634,0,0,1,0,0,0,0,60,0,0,37,SYN Flood
TCP,930,918,0,0,0.987,0,0,0,0,60,0,0,38,SYN Flood
TCP,604,604,0,0,1,0,0,0,0,60,0,0,60,SYN Flood
TCP,446,143,143,0,0.321,1,0,0,0,55.33,0,0,1,SYN Flood
TCP,800,788,0,0,0.985,0,0,0,0,60,0,0,72,SYN Flood
TCP,910,879,0,0,0.966,0,0,0,0,60,0,0,21,SYN Flood
TCP,556,176,176,0,0.317,1,0,0,0,55.33,0,0,1,SYN Flood
TCP,477,161,161,0,0.338,1,0,0,0,55.33,0,0,1,SYN Flood
TCP,848,848,0,0,1,0,0,0,0,60,0,0,76,SYN Flood
TCP,826,814,0,0,0.985,0,0,0,0,60,0,0,48,SYN Flood
TCP,833,818,0,0,0.982,0,0,0,0,60,0,0,33,SYN Flood
TCP,742,710,0,0,0.957,0,0,0,0,60,0,0,62,SYN Flood
TCP,801,801,0,0,1,0,0,0,0,60,0,0,52,SYN Flood
TCP,978,978,0,0,1,0,0,0,0,60,0,0,83,SYN Flood
TCP,498,478,0,0,0.96,0,0,0,0,60,0,0,30,SYN Flood
TCP,354,122,122,0,0.345,1,0,0,0,55.33,0,0,1,SYN Flood
TCP,539,187,187,0,0.347,1,0,0,0,55.33,0,0,1,SYN Flood
TCP,842,270,270,0,0.321,1,0,0,0,55.33,0,0,1,SYN Flood
TCP,420,420,0,0,1,0,0,0,0,60,0,0,25,SYN Flood
TCP,337,106,106,0,0.315,1,0,0,0,55.33,0,0,1,SYN Flood
TCP,770,750,0,0,0.974,0,0,0,0,60,0,0,48,SYN Flood
TCP,527,527,0,0,1,0,0,0,0,60,0,0,47,SYN Flood
TCP,858,287,287,0,0.334,1,0,0,0,55.33,0,0,1,SYN Flood
TCP,355,355,0,0,1,0,0,0,0,60,0,0,27,SYN Flood
TCP,586,204,204,0,0.348,1,0,0,0,55.33,0,0,1,SYN Flood
TCP,307,307,0,0,1,0,0,0,0,60,0,0,24,SYN Flood
TCP,711,236,236,0,0.332,1,0,0,0,55.33,0,0,1,SYN Flood
TCP,916,292,292,0,0.319,1,0,0,0,55.33,0,0,1,SYN Flood
TCP,412,411,0,0,0.998,0,0,0,0,60,0,0,36,SYN Flood
TCP,387,387,0,0,1,0,0,0,0,60,0,0,25,SYN Flood
TCP,601,601,0,0,1,0,0,0,0,60,0,0,37,SYN Flood
TCP,505,505,0,0,1,0,0,0,0,60,0,0,42,SYN Flood
TCP,366,122,122,0,0.333,1,0,0,0,55.33,0,0,1,SYN Flood
TCP,870,293,293,0,0.337,1,0,0,0,55.33,0,0,1,SYN Flood
TCP,674,215,215,0,0.319,1,0,0,0,55.33,0,0,1,SYN Flood
TCP,175,172,0,0,0.983,0,0,0,0,60,0,0,14,SYN Flood
TCP,247,247,0,0,1,0,0,0,0,60,0,0,247,SYN Flood
TCP,654,209,209,0,0.32,1,0,0,0,55.33,0,0,1,SYN Flood
TCP,920,306,306,0,0.333,1,0,0,0,55.33,0,0,1,SYN Flood
TCP,474,153,153,0,0.323,1,0,0,0,55.33,0,0,1,SYN Flood
TCP,668,651,0,0,0.975,0,0,0,0,60,0,0,19,SYN Flood
TCP,450,428,0,0,0.951,0,0,0,0,60,0,0,38,SYN Flood
TCP,384,125,125,0,0.326,1,0,0,0,55.33,0,0,1,SYN Flood
TCP,611,203,203,0,0.332,1,0,0,0,55.33,0,0,1,SYN Flood
TCP,684,227,227,0,0.332,1,0,0,0,55.33,0,0,1,SYN Flood
TCP,622,203,203,0,0.326,1,0,0,0,55.33,0,0,1,SYN Flood
TCP,882,841,0,0,0.954,0,0,0,0,60,0,0,40,SYN Flood
TCP,760,258,258,0,0.339,1,0,0,0,55.33,0,0,1,SYN Flood
TCP,931,317,317,0,0.34,1,0,0,0,55.33,0,0,1,SYN Flood
TCP,942,304,304,0,0.323,1,0,0,0,55.33,0,0,1,SYN Flood
TCP,856,292,292,0,0.341,1,0,0,0,55.33,0,0,1,SYN Flood
TCP,694,225,225,0,0.324,1,0,0,0,55.33,0,0,1,SYN Flood
TCP,617,199,199,0,0.323,1,0,0,0,55.33,0,0,1,SYN Flood
TCP,736,244,244,0,0.332,1,0,0,0,55.33,0,0,1,SYN Flood
TCP,442,442,0,0,1,0,0,0,0,60,0,0,17,SYN Flood
TCP,759,252,252,0,0.332,1,0,0,0,55.33,0,0,1,SYN Flood
TCP,358,345,0,0,0.964,0,0,0,0,60,0,0,30,SYN Flood
TCP,427,136,136,0,0.319,1,0,0,0,55.33,0,0,1,SYN Flood
TCP,847,844,0,0,0.996,0,0,0,0,60,0,0,62,SYN Flood
TCP,810,269,269,0,0.332,1,0,0,0,55.33,0,0,1,SYN Flood
TCP,314,100,100,0,0.318,1,0,0,0,55.33,0,0,1,SYN Flood
TCP,675,649,0,0,0.961,0,0,0,0,60,0,0,19,SYN Flood
TCP,311,106,106,0,0.341,1,0,0,0,55.33,0,0,1,SYN Flood
TCP,993,993,0,0,1,0,0,0,0,60,0,0,64,SYN Flood
TCP,476,164,164,0,0.345,1,0,0,0,55.33,0,0,1,SYN Flood
TCP,462,160,160,0,0.346,1,0,0,0,55.33,0,0,1,SYN Flood
TCP,894,300,300,0,0.336,1,0,0,0,55.33,0,0,1,SYN Flood
TCP,810,810,0,0,1,0,0,0,0,60,0,0,59,SYN Flood
TCP,550,190,190,0,0.345,1,0,0,0,55.33,0,0,1,SYN Flood
TCP,880,279,279,0,0.317,1,0,0,0,55.33,0,0,1,SYN Flood
TCP,307,306,0,0,0.997,0,0,0,0,60,0,0,22,SYN Flood
TCP,407,407,0,0,1,0,0,0,0,60,0,0,11,SYN Flood
TCP,887,308,308,0,0.347,1,0,0,0,55.33,0,0,1,SYN Flood
TCP,571,194,194,0,0.34,1,0,0,0,55.33,0,0,1,SYN Flood
TCP,634,634,0,0,1,0,0,0,0,60,0,0,48,SYN Flood
TCP,851,286,286,0,0.336,1,0,0,0,55.33,0,0,1,SYN Flood
TCP,464,149,149,0,0.321,1,0,0,0,55.33,0,0,1,SYN Flood
TCP,740,729,0,0,0.985,0,0,0,0,60,0,0,32,SYN Flood
TCP,412,410,0,0,0.995,0,0,0,0,60,0,0,30,SYN Flood
TCP,872,300,300,0,0.344,1,0,0,0,55.33,0,0,1,SYN Flood
TCP,826,273,273,0,0.331,1,0,0,0,55.33,0,0,1,SYN Flood
TCP,667,231,231,0,0.346,1,0,0,0,55.33,0,0,1,SYN Flood
TCP,764,252,252,0,0.33,1,0,0,0,55.33,0,0,1,SYN Flood
TCP,596,198,198,0,0.332,1,0,0,0,55.33,0,0,1,SYN Flood
TCP,636,216,216,0,0.34,1,0,0,0,55.33,0,0,1,SYN Flood
TCP,710,710,0,0,1,0,0,0,0,60,0,0,59,SYN Flood
TCP,334,111,111,0,0.332,1,0,0,0,55.33,0,0,1,SYN Flood
TCP,975,330,330,0,0.338,1,0,0,0,55.33,0,0,1,SYN Flood
TCP,504,168,168,0,0.333,1,0,0,0,55.33,0,0,1,SYN Flood
TCP,713,713,0,0,1,0,0,0,0,60,0,0,48,SYN Flood
TCP,540,176,176,0,0.326,1,0,0,0,55.33,0,0,1,SYN Flood
TCP,979,317,317,0,0.324,1,0,0,0,55.33,0,0,1,SYN Flood
TCP,319,108,108,0,0.339,1,0,0,0,55.33,0,0,1,SYN Flood
TCP,909,293,293,0,0.322,1,0,0,0,55.33,0,0,1,SYN Flood
TCP,436,143,143,0,0.328,1,0,0,0,55.33,0,0,1,SYN Flood
TCP,309,98,98,0,0.317,1,0,0,0,55.33,0,0,1,SYN Flood
TCP,935,935,0,0,1,0,0,0,0,60,0,0,37,SYN Flood
TCP,802,274,274,0,0.342,1,0,0,0,55.33,0,0,1,SYN Flood
TCP,351,118,118,0,0.336,1,0,0,0,55.33,0,0,1,SYN Flood
TCP,434,424,0,0,0.977,0,0,0,0,60,0,0,37,SYN Flood
TCP,594,572,0,0,0.963,0,0,0,0,60,0,0,51,SYN Flood
TCP,944,300,300,0,0.318,1,0,0,0,55.33,0,0,1,SYN Flood
TCP,578,193,193,0,0.334,1,0,0,0,55.33,0,0,1,SYN Flood
TCP,383,126,126,0,0.329,1,0,0,0,55.33,0,0,1,SYN Flood
TCP,393,388,0,0,0.987,0,0,0,0,60,0,0,33,SYN Flood
TCP,894,287,287,0,0.321,1,0,0,0,55.33,0,0,1,SYN Flood
TCP,426,424,0,0,0.995,0,0,0,0,60,0,0,25,SYN Flood
TCP,689,228,228,0,0.331,1,0,0,0,55.33,0,0,1,SYN Flood
TCP,568,188,188,0,0.331,1,0,0,0,55.33,0,0,1,SYN Flood
TCP,823,283,283,0,0.344,1,0,0,0,55.33,0,0,1,SYN Flood
TCP,620,198,198,0,0.319,1,0,0,0,55.33,0,0,1,SYN Flood
TCP,630,627,0,0,0.995,0,0,0,0,60,0,0,43,SYN Flood
TCP,849,849,0,0,1,0,0,0,0,60,0,0,56,SYN Flood
TCP,412,143,143,0,0.347,1,0,0,0,55.33,0,0,1,SYN Flood
TCP,402,128,128,0,0.318,1,0,0,0,55.33,0,0,1,SYN Flood
TCP,567,192,192,0,0.339,1,0,0,0,55.33,0,0,1,SYN Flood
TCP,489,159,159,0,0.325,1,0,0,0,55.33,0,0,1,SYN Flood
TCP,519,511,0,0,0.985,0,0,0,0,60,0,0,19,SYN Flood
TCP,703,242,242,0,0.344,1,0,0,0,55.33,0,0,1,SYN Flood
TCP,892,299,299,0,0.335,1,0,0,0,55.33,0,0,1,SYN Flood
TCP,919,315,315,0,0.343,1,0,0,0,55.33,0,0,1,SYN Flood
TCP,332,114,114,0,0.343,1,0,0,0,55.33,0,0,1,SYN Flood
TCP,306,291,0,0,0.951,0,0,0,0,60,0,0,26,SYN Flood
TCP,423,412,0,0,0.974,0,0,0,0,60,0,0,41,SYN Flood
TCP,638,638,0,0,1,0,0,0,0,60,0,0,36,SYN Flood
TCP,662,219,219,0,0.331,1,0,0,0,55.33,0,0,1,SYN Flood
TCP,977,325,325,0,0.333,1,0,0,0,55.33,0,0,1,SYN Flood
TCP,502,172,172,0,0.343,1,0,0,0,55.33,0,0,1,SYN Flood
TCP,506,174,174,0,0.344,1,0,0,0,55.33,0,0,1,SYN Flood
TCP,527,172,172,0,0.326,1,0,0,0,55.33,0,0,1,SYN Flood
TCP,408,408,0,0,1,0,0,0,0,60,0,0,12,SYN Flood
TCP,598,202,202,0,0.338,1,0,0,0,55.33,0,0,1,SYN Flood
TCP,685,685,0,0,1,0,0,0,0,60,0,0,66,SYN Flood
TCP,946,328,328,0,0.347,1,0,0,0,55.33,0,0,1,SYN Flood
TCP,882,882,0,0,1,0,0,0,0,60,0,0,25,SYN Flood
TCP,919,297,297,0,0.323,1,0,0,0,55.33,0,0,1,SYN Flood
TCP,672,672,0,0,1,0,0,0,0,60,0,0,38,SYN Flood
TCP,582,578,0,0,0.993,0,0,0,0,60,0,0,22,SYN Flood
TCP,782,258,258,0,0.33,1,0,0,0,55.33,0,0,1,SYN Flood
TCP,790,757,0,0,0.958,0,0,0,0,60,0,0,50,SYN Flood
TCP,614,607,0,0,0.989,0,0,0,0,60,0,0,10,SYN Flood
TCP,350,350,0,0,1,0,0,0,0,60,0,0,23,SYN Flood
TCP,566,566,0,0,1,0,0,0,0,60,0,0,20,SYN Flood
TCP,628,211,211,0,0.336,1,0,0,0,55.33,0,0,1,SYN Flood
TCP,445,445,0,0,1,0,0,0,0,60,0,0,27,SYN Flood
TCP,884,884,0,0,1,0,0,0,0,60,0,0,62,SYN Flood
TCP,362,362,0,0,1,0,0,0,0,60,0,0,13,SYN Flood
TCP,855,283,283,0,0.331,1,0,0,0,55.33,0,0,1,SYN Flood
TCP,960,335,335,0,0.349,1,0,0,0,55.33,0,0,1,SYN Flood
TCP,552,190,190,0,0.344,1,0,0,0,55.33,0,0,1,SYN Flood
TCP,586,583,0,0,0.995,0,0,0,0,60,0,0,32,SYN Flood
TCP,897,298,298,0,0.332,1,0,0,0,55.33,0,0,1,SYN Flood
TCP,414,143,143,0,0.345,1,0,0,0,55.33,0,0,1,SYN Flood
TCP,900,295,295,0,0.328,1,0,0,0,55.33,0,0,1,SYN Flood
TCP,446,155,155,0,0.348,1,0,0,0,55.33,0,0,1,SYN Flood
TCP,426,140,140,0,0.329,1,0,0,0,55.33,0,0,1,SYN Flood
TCP,636,636,0,0,1,0,0,0,0,60,0,0,44,SYN Flood
TCP,361,116,116,0,0.321,1,0,0,0,55.33,0,0,1,SYN Flood
TCP,980,315,315,0,0.321,1,0,0,0,55.33,0,0,1,SYN Flood
TCP,935,935,0,0,1,0,0,0,0,60,0,0,48,SYN Flood
TCP,827,289,289,0,0.349,1,0,0,0,55.33,0,0,1,SYN Flood
TCP,591,566,0,0,0.958,0,0,0,0,60,0,0,17,SYN Flood
TCP,729,230,230,0,0.316,1,0,0,0,55.33,0,0,1,SYN Flood
TCP,793,256,256,0,0.323,1,0,0,0,55.33,0,0,1,SYN Flood
TCP,944,326,326,0,0.345,1,0,0,0,55.33,0,0,1,SYN Flood
TCP,876,860,0,0,0.982,0,0,0,0,60,0,0,50,SYN Flood
TCP,1000,331,331,0,0.331,1,0,0,0,55.33,0,0,1,SYN Flood
TCP,626,626,0,0,1,0,0,0,0,60,0,0,47,SYN Flood
TCP,846,820,0,0,0.969,0,0,0,0,60,0,0,69,SYN Flood
TCP,657,209,209,0,0.318,1,0,0,0,55.33,0,0,1,SYN Flood
TCP,673,673,0,0,1,0,0,0,0,60,0,0,24,SYN Flood
TCP,314,102,102,0,0.325,1,0,0,0,55.33,0,0,1,SYN Flood
TCP,580,199,199,0,0.343,1,0,0,0,55.33,0,0,1,SYN Flood
TCP,400,136,136,0,0.34,1,0,0,0,55.33,0,0,1,SYN Flood
TCP,304,304,0,0,1,0,0,0,0,60,0,0,14,SYN Flood
TCP,942,318,318,0,0.338,1,0,0,0,55.33,0,0,1,SYN Flood
TCP,830,795,0,0,0.958,0,0,0,0,60,0,0,51,SYN Flood
TCP,353,353,0,0,1,0,0,0,0,60,0,0,353,SYN Flood
TCP,823,279,279,0,0.339,1,0,0,0,55.33,0,0,1,SYN Flood
TCP,391,127,127,0,0.325,1,0,0,0,55.33,0,0,1,SYN Flood
TCP,962,311,311,0,0.323,1,0,0,0,55.33,0,0,1,SYN Flood
TCP,912,293,293,0,0.321,1,0,0,0,55.33,0,0,1,SYN Flood
TCP,877,867,0,0,0.989,0,0,0,0,60,0,0,38,SYN Flood
TCP,148,148,0,0,1,0,0,0,0,60,0,0,148,SYN Flood
TCP,431,415,0,0,0.963,0,0,0,0,60,0,0,28,SYN Flood
TCP,828,824,0,0,0.995,0,0,0,0,60,0,0,17,SYN Flood
TCP,825,802,0,0,0.972,0,0,0,0,60,0,0,24,SYN Flood
TCP,462,456,0,0,0.987,0,0,0,0,60,0,0,24,SYN Flood
TCP,337,116,116,0,0.344,1,0,0,0,55.33,0,0,1,SYN Flood
TCP,464,464,0,0,1,0,0,0,0,60,0,0,10,SYN Flood
TCP,442,143,143,0,0.324,1,0,0,0,55.33,0,0,1,SYN Flood
TCP,713,713,0,0,1,0,0,0,0,60,0,0,66,SYN Flood
TCP,700,241,241,0,0.344,1,0,0,0,55.33,0,0,1,SYN Flood
TCP,885,296,296,0,0.334,1,0,0,0,55.33,0,0,1,SYN Flood
TCP,616,589,0,0,0.956,0,0,0,0,60,0,0,58,SYN Flood
TCP,373,373,0,0,1,0,0,0,0,60,0,0,15,SYN Flood
TCP,638,638,0,0,1,0,0,0,0,60,0,0,52,SYN Flood
TCP,141,141,0,0,1,0,0,0,0,60,0,0,12,SYN Flood
TCP,735,725,0,0,0.986,0,0,0,0,60,0,0,34,SYN Flood
TCP,435,435,0,0,1,0,0,0,0,60,0,0,12,SYN Flood
TCP,301,301,0,0,1,0,0,0,0,60,0,0,301,SYN Flood
TCP,400,132,132,0,0.33,1,0,0,0,55.33,0,0,1,SYN Flood
TCP,352,352,0,0,1,0,0,0,0,60,0,0,24,SYN Flood
TCP,765,765,0,0,1,0,0,0,0,60,0,0,13,SYN Flood
TCP,410,134,134,0,0.327,1,0,0,0,55.33,0,0,1,SYN Flood
TCP,961,319,319,0,0.332,1,0,0,0,55.33,0,0,1,SYN Flood
TCP,431,431,0,0,1,0,0,0,0,60,0,0,21,SYN Flood
TCP,559,559,0,0,1,0,0,0,0,60,0,0,31,SYN Flood
TCP,833,811,0,0,0.974,0,0,0,0,60,0,0,33,SYN Flood
TCP,427,427,0,0,1,0,0,0,0,60,0,0,21,SYN Flood
TCP,576,193,193,0,0.335,1,0,0,0,55.33,0,0,1,SYN Flood
TCP,820,820,0,0,1,0,0,0,0,60,0,0,56,SYN Flood
TCP,655,226,226,0,0.345,1,0,0,0,55.33,0,0,1,SYN Flood
TCP,839,801,0,0,0.955,0,0,0,0,60,0,0,13,SYN Flood
TCP,522,522,0,0,1,0,0,0,0,60,0,0,44,SYN Flood
TCP,549,191,191,0,0.348,1,0,0,0,55.33,0,0,1,SYN Flood
TCP,466,466,0,0,1,0,0,0,0,60,0,0,31,SYN Flood
TCP,840,268,268,0,0.319,1,0,0,0,55.33,0,0,1,SYN Flood
TCP,436,150,150,0,0.344,1,0,0,0,55.33,0,0,1,SYN Flood
TCP,606,209,209,0,0.345,1,0,0,0,55.33,0,0,1,SYN Flood
TCP,989,331,331,0,0.335,1,0,0,0,55.33,0,0,1,SYN Flood
TCP,443,141,141,0,0.318,1,0,0,0,55.33,0,0,1,SYN Flood
TCP,912,302,302,0,0.331,1,0,0,0,55.33,0,0,1,SYN Flood
TCP,480,476,0,0,0.992,0,0,0,0,60,0,0,35,SYN Flood
TCP,806,274,274,0,0.34,1,0,0,0,55.33,0,0,1,SYN Flood
TCP,654,639,0,0,0.977,0,0,0,0,60,0,0,44,SYN Flood
TCP,621,621,0,0,1,0,0,0,0,60,0,0,39,SYN Flood
TCP,453,157,157,0,0.347,1,0,0,0,55.33,0,0,1,SYN Flood
TCP,819,819,0,0,1,0,0,0,0,60,0,0,18,SYN Flood
TCP,351,120,120,0,0.342,1,0,0,0,55.33,0,0,1,SYN Flood
TCP,993,993,0,0,1,0,0,0,0,60,0,0,76,SYN Flood
TCP,172,170,0,0,0.988,0,0,0,0,60,0,0,12,SYN Flood
TCP,943,304,304,0,0.322,1,0,0,0,55.33,0,0,1,SYN Flood
TCP,325,310,0,0,0.954,0,0,0,0,60,0,0,13,SYN Flood
TCP,253,253,0,0,1,0,0,0,0,60,0,0,253,SYN Flood
TCP,941,304,304,0,0.323,1,0,0,0,55.33,0,0,1,SYN Flood
TCP,396,396,0,0,1,0,0,0,0,60,0,0,36,SYN Flood
TCP,323,112,112,0,0.347,1,0,0,0,55.33,0,0,1,SYN Flood
TCP,568,549,0,0,0.967,0,0,0,0,60,0,0,13,SYN Flood
TCP,511,163,163,0,0.319,1,0,0,0,55.33,0,0,1,SYN Flood
TCP,493,172,172,0,0.349,1,0,0,0,55.33,0,0,1,SYN Flood
TCP,685,229,229,0,0.334,1,0,0,0,55.33,0,0,1,SYN Flood
TCP,379,124,124,0,0.327,1,0,0,0,55.33,0,0,1,SYN Flood
TCP,688,234,234,0,0.34,1,0,0,0,55.33,0,0,1,SYN Flood
TCP,746,746,0,0,1,0,0,0,0,60,0,0,18,SYN Flood
TCP,882,307,307,0,0.348,1,0,0,0,55.33,0,0,1,SYN Flood
TCP,492,156,156,0,0.317,1,0,0,0,55.33,0,0,1,SYN Flood
TCP,699,240,240,0,0.343,1,0,0,0,55.33,0,0,1,SYN Flood
TCP,652,211,211,0,0.324,1,0,0,0,55.33,0,0,1,SYN Flood
TCP,982,337,337,0,0.343,1,0,0,0,55.33,0,0,1,SYN Flood
TCP,989,314,314,0,0.317,1,0,0,0,55.33,0,0,1,SYN Flood
TCP,532,510,0,0,0.959,0,0,0,0,60,0,0,42,SYN Flood
TCP,335,325,0,0,0.97,0,0,0,0,60,0,0,14,SYN Flood
TCP,444,149,149,0,0.336,1,0,0,0,55.33,0,0,1,SYN Flood
TCP,804,267,267,0,0.332,1,0,0,0,55.33,0,0,1,SYN Flood
TCP,777,266,266,0,0.342,1,0,0,0,55.33,0,0,1,SYN Flood
TCP,840,268,268,0,0.319,1,0,0,0,55.33,0,0,1,SYN Flood
TCP,1000,1000,0,0,1,0,0,0,0,60,0,0,81,SYN Flood
TCP,438,438,0,0,1,0,0,0,0,60,0,0,18,SYN Flood
TCP,721,716,0,0,0.993,0,0,0,0,60,0,0,60,SYN Flood
TCP,502,174,174,0,0.347,1,0,0,0,55.33,0,0,1,SYN Flood
TCP,954,318,318,0,0.333,1,0,0,0,55.33,0,0,1,SYN Flood
TCP,822,806,0,0,0.981,0,0,0,0,60,0,0,37,SYN Flood
TCP,457,439,0,0,0.961,0,0,0,0,60,0,0,29,SYN Flood
TCP,594,202,202,0,0.34,1,0,0,0,55.33,0,0,1,SYN Flood
TCP,418,140,140,0,0.335,1,0,0,0,55.33,0,0,1,SYN Flood
TCP,961,961,0,0,1,0,0,0,0,60,0,0,72,SYN Flood
TCP,771,266,266,0,0.345,1,0,0,0,55.33,0,0,1,SYN Flood
TCP,388,373,0,0,0.961,0,0,0,0,60,0,0,35,SYN Flood
TCP,999,334,334,0,0.334,1,0,0,0,55.33,0,0,1,SYN Flood
TCP,702,222,222,0,0.316,1,0,0,0,55.33,0,0,1,SYN Flood
TCP,750,750,0,0,1,0,0,0,0,60,0,0,60,SYN Flood
TCP,410,132,132,0,0.322,1,0,0,0,55.33,0,0,1,SYN Flood
TCP,680,228,228,0,0.335,1,0,0,0,55.33,0,0,1,SYN Flood
TCP,893,867,0,0,0.971,0,0,0,0,60,0,0,72,SYN Flood
TCP,537,186,186,0,0.346,1,0,0,0,55.33,0,0,1,SYN Flood
TCP,509,509,0,0,1,0,0,0,0,60,0,0,35,SYN Flood
TCP,817,282,282,0,0.345,1,0,0,0,55.33,0,0,1,SYN Flood
TCP,561,184,184,0,0.328,1,0,0,0,55.33,0,0,1,SYN Flood
TCP,943,324,324,0,0.344,1,0,0,0,55.33,0,0,1,SYN Flood
TCP,492,157,157,0,0.319,1,0,0,0,55.33,0,0,1,SYN Flood
TCP,324,111,111,0,0.343,1,0,0,0,55.33,0,0,1,SYN Flood
TCP,662,212,212,0,0.32,1,0,0,0,55.33,0,0,1,SYN Flood
TCP,489,158,158,0,0.323,1,0,0,0,55.33,0,0,1,SYN Flood
TCP,948,317,317,0,0.334,1,0,0,0,55.33,0,0,1,SYN Flood
TCP,334,319,0,0,0.955,0,0,0,0,60,0,0,24,SYN Flood
TCP,481,160,160,0,0.333,1,0,0,0,55.33,0,0,1,SYN Flood
TCP,821,821,0,0,1,0,0,0,0,60,0,0,39,SYN Flood
TCP,565,183,183,0,0.324,1,0,0,0,55.33,0,0,1,SYN Flood
TCP,324,324,0,0,1,0,0,0,0,60,0,0,11,SYN Flood
TCP,669,212,212,0,0.317,1,0,0,0,55.33,0,0,1,SYN Flood
TCP,623,211,211,0,0.339,1,0,0,0,55.33,0,0,1,SYN Flood
TCP,537,537,0,0,1,0,0,0,0,60,0,0,38,SYN Flood
TCP,860,276,276,0,0.321,1,0,0,0,55.33,0,0,1,SYN Flood
TCP,972,318,318,0,0.327,1,0,0,0,55.33,0,0,1,SYN Flood
TCP,334,333,0,0,0.997,0,0,0,0,60,0,0,11,SYN Flood
TCP,861,861,0,0,1,0,0,0,0,60,0,0,57,SYN Flood
TCP,869,280,280,0,0.322,1,0,0,0,55.33,0,0,1,SYN Flood
TCP,424,137,137,0,0.323,1,0,0,0,55.33,0,0,1,SYN Flood
TCP,553,193,193,0,0.349,1,0,0,0,55.33,0,0,1,SYN Flood
TCP,776,261,261,0,0.336,1,0,0,0,55.33,0,0,1,SYN Flood
TCP,882,873,0,0,0.99,0,0,0,0,60,0,0,39,SYN Flood
TCP,841,275,275,0,0.327,1,0,0,0,55.33,0,0,1,SYN Flood
TCP,425,425,0,0,1,0,0,0,0,60,0,0,37,SYN Flood
TCP,189,189,0,0,1,0,0,0,0,60,0,0,12,SYN Flood
TCP,752,238,238,0,0.316,1,0,0,0,55.33,0,0,1,SYN Flood
TCP,465,159,159,0,0.342,1,0,0,0,55.33,0,0,1,SYN Flood
TCP,940,300,300,0,0.319,1,0,0,0,55.33,0,0,1,SYN Flood
TCP,556,180,180,0,0.324,1,0,0,0,55.33,0,0,1,SYN Flood
TCP,322,102,102,0,0.317,1,0,0,0,55.33,0,0,1,SYN Flood
TCP,525,525,0,0,1,0,0,0,0,60,0,0,30,SYN Flood
TCP,563,563,0,0,1,0,0,0,0,60,0,0,563,SYN Flood
TCP,751,740,0,0,0.985,0,0,0,0,60,0,0,13,SYN Flood
TCP,325,113,113,0,0.348,1,0,0,0,55.33,0,0,1,SYN Flood
TCP,402,391,0,0,0.973,0,0,0,0,60,0,0,23,SYN Flood
TCP,735,233,233,0,0.317,1,0,0,0,55.33,0,0,1,SYN Flood
TCP,993,946,0,0,0.953,0,0,0,0,60,0,0,44,SYN Flood
TCP,844,834,0,0,0.988,0,0,0,0,60,0,0,71,SYN Flood
TCP,997,997,0,0,1,0,0,0,0,60,0,0,82,SYN Flood
TCP,921,292,292,0,0.317,1,0,0,0,55.33,0,0,1,SYN Flood
TCP,409,133,133,0,0.325,1,0,0,0,55.33,0,0,1,SYN Flood
TCP,826,284,284,0,0.344,1,0,0,0,55.33,0,0,1,SYN Flood
TCP,288,94,94,0,0.326,1,0,0,0,55.33,0,0,1,SYN Flood
TCP,400,400,0,0,1,0,0,0,0,60,0,0,400,SYN Flood
TCP,974,337,337,0,0.346,1,0,0,0,55.33,0,0,1,SYN Flood
TCP,317,317,0,0,1,0,0,0,0,60,0,0,317,SYN Flood
TCP,818,818,0,0,1,0,0,0,0,60,0,0,49,SYN Flood
TCP,406,404,0,0,0.995,0,0,0,0,60,0,0,28,SYN Flood
TCP,239,239,0,0,1,0,0,0,0,60,0,0,239,SYN Flood
TCP,718,236,236,0,0.329,1,0,0,0,55.33,0,0,1,SYN Flood
TCP,399,133,133,0,0.333,1,0,0,0,55.33,0,0,1,SYN Flood
TCP,579,188,188,0,0.325,1,0,0,0,55.33,0,0,1,SYN Flood
TCP,500,158,158,0,0.316,1,0,0,0,55.33,0,0,1,SYN Flood
TCP,927,300,300,0,0.324,1,0,0,0,55.33,0,0,1,SYN Flood
TCP,503,503,0,0,1,0,0,0,0,60,0,0,40,SYN Flood
TCP,600,199,199,0,0.332,1,0,0,0,55.33,0,0,1,SYN Flood
TCP,897,876,0,0,0.977,0,0,0,0,60,0,0,41,SYN Flood
TCP,734,236,236,0,0.322,1,0,0,0,55.33,0,0,1,SYN Flood
TCP,540,176,176,0,0.326,1,0,0,0,55.33,0,0,1,SYN Flood
TCP,827,263,263,0,0.318,1,0,0,0,55.33,0,0,1,SYN Flood
TCP,424,424,0,0,1,0,0,0,0,60,0,0,31,SYN Flood
TCP,601,208,208,0,0.346,1,0,0,0,55.33,0,0,1,SYN Flood
TCP,845,837,0,0,0.991,0,0,0,0,60,0,0,82,SYN Flood
TCP,679,679,0,0,1,0,0,0,0,60,0,0,36,SYN Flood
TCP,490,159,159,0,0.324,1,0,0,0,55.33,0,0,1,SYN Flood
TCP,441,427,0,0,0.968,0,0,0,0,60,0,0,29,SYN Flood
TCP,337,110,110,0,0.326,1,0,0,0,55.33,0,0,1,SYN Flood
TCP,961,315,315,0,0.328,1,0,0,0,55.33,0,0,1,SYN Flood
TCP,654,224,224,0,0.343,1,0,0,0,55.33,0,0,1,SYN Flood
TCP,399,389,0,0,0.975,0,0,0,0,60,0,0,21,SYN Flood
TCP,833,264,264,0,0.317,1,0,0,0,55.33,0,0,1,SYN Flood
TCP,874,842,0,0,0.963,0,0,0,0,60,0,0,16,SYN Flood
TCP,876,876,0,0,1,0,0,0,0,60,0,0,46,SYN Flood
TCP,472,472,0,0,1,0,0,0,0,60,0,0,30,SYN Flood
TCP,327,327,0,0,1,0,0,0,0,60,0,0,13,SYN Flood
TCP,587,196,196,0,0.334,1,0,0,0,55.33,0,0,1,SYN Flood
TCP,597,597,0,0,1,0,0,0,0,60,0,0,58,SYN Flood
TCP,630,609,0,0,0.967,0,0,0,0,60,0,0,35,SYN Flood
TCP,780,251,251,0,0.322,1,0,0,0,55.33,0,0,1,SYN Flood
TCP,391,375,0,0,0.959,0,0,0,0,60,0,0,38,SYN Flood
TCP,966,326,326,0,0.337,1,0,0,0,55.33,0,0,1,SYN Flood
TCP,488,154,154,0,0.316,1,0,0,0,55.33,0,0,1,SYN Flood
TCP,807,267,267,0,0.331,1,0,0,0,55.33,0,0,1,SYN Flood
TCP,910,874,0,0,0.96,0,0,0,0,60,0,0,41,SYN Flood
TCP,460,157,157,0,0.341,1,0,0,0,55.33,0,0,1,SYN Flood
TCP,518,518,0,0,1,0,0,0,0,60,0,0,24,SYN Flood
TCP,470,157,157,0,0.334,1,0,0,0,55.33,0,0,1,SYN Flood
TCP,586,189,189,0,0.323,1,0,0,0,55.33,0,0,1,SYN Flood
TCP,672,672,0,0,1,0,0,0,0,60,0,0,23,SYN Flood
TCP,906,906,0,0,1,0,0,0,0,60,0,0,67,SYN Flood
TCP,889,299,299,0,0.336,1,0,0,0,55.33,0,0,1,SYN Flood
TCP,630,630,0,0,1,0,0,0,0,60,0,0,59,SYN Flood
TCP,739,735,0,0,0.995,0,0,0,0,60,0,0,13,SYN Flood
TCP,986,986,0,0,1,0,0,0,0,60,0,0,26,SYN Flood
TCP,501,162,162,0,0.323,1,0,0,0,55.33,0,0,1,SYN Flood
TCP,423,138,138,0,0.326,1,0,0,0,55.33,0,0,1,SYN Flood
TCP,479,479,0,0,1,0,0,0,0,60,0,0,17,SYN Flood
TCP,973,324,324,0,0.333,1,0,0,0,55.33,0,0,1,SYN Flood
TCP,454,441,0,0,0.971,0,0,0,0,60,0,0,19,SYN Flood
TCP,588,205,205,0,0.349,1,0,0,0,55.33,0,0,1,SYN Flood
TCP,527,504,0,0,0.956,0,0,0,0,60,0,0,28,SYN Flood
TCP,608,207,207,0,0.34,1,0,0,0,55.33,0,0,1,SYN Flood
TCP,390,381,0,0,0.977,0,0,0,0,60,0,0,31,SYN Flood
TCP,671,655,0,0,0.976,0,0,0,0,60,0,0,12,SYN Flood
TCP,825,266,266,0,0.322,1,0,0,0,55.33,0,0,1,SYN Flood
TCP,866,854,0,0,0.986,0,0,0,0,60,0,0,10,SYN Flood
TCP,386,126,126,0,0.326,1,0,0,0,55.33,0,0,1,SYN Flood
TCP,486,161,161,0,0.331,1,0,0,0,55.33,0,0,1,SYN Flood
TCP,507,483,0,0,0.953,0,0,0,0,60,0,0,37,SYN Flood
TCP,986,313,313,0,0.317,1,0,0,0,55.33,0,0,1,SYN Flood
TCP,587,587,0,0,1,0,0,0,0,60,0,0,22,SYN Flood
TCP,884,289,289,0,0.327,1,0,0,0,55.33,0,0,1,SYN Flood
TCP,862,298,298,0,0.346,1,0,0,0,55.33,0,0,1,SYN Flood
TCP,473,159,159,0,0.336,1,0,0,0,55.33,0,0,1,SYN Flood
TCP,539,539,0,0,1,0,0,0,0,60,0,0,37,SYN Flood
TCP,746,740,0,0,0.992,0,0,0,0,60,0,0,66,SYN Flood
TCP,818,260,260,0,0.318,1,0,0,0,55.33,0,0,1,SYN Flood
TCP,349,113,113,0,0.324,1,0,0,0,55.33,0,0,1,SYN Flood
TCP,396,396,0,0,1,0,0,0,0,60,0,0,27,SYN Flood
TCP,349,118,118,0,0.338,1,0,0,0,55.33,0,0,1,SYN Flood
TCP,402,402,0,0,1,0,0,0,0,60,0,0,402,SYN Flood
TCP,402,394,0,0,0.98,0,0,0,0,60,0,0,34,SYN Flood
TCP,854,854,0,0,1,0,0,0,0,60,0,0,74,SYN Flood
TCP,629,601,0,0,0.955,0,0,0,0,60,0,0,33,SYN Flood
TCP,979,967,0,0,0.988,0,0,0,0,60,0,0,91,SYN Flood
TCP,852,283,283,0,0.332,1,0,0,0,55.33,0,0,1,SYN Flood
TCP,550,186,186,0,0.338,1,0,0,0,55.33,0,0,1,SYN Flood
TCP,578,571,0,0,0.988,0,0,0,0,60,0,0,56,SYN Flood
TCP,767,246,246,0,0.321,1,0,0,0,55.33,0,0,1,SYN Flood
TCP,748,748,0,0,1,0,0,0,0,60,0,0,67,SYN Flood
TCP,370,370,0,0,1,0,0,0,0,60,0,0,21,SYN Flood
TCP,861,280,280,0,0.325,1,0,0,0,55.33,0,0,1,SYN Flood
TCP,560,548,0,0,0.979,0,0,0,0,60,0,0,25,SYN Flood
TCP,948,328,328,0,0.346,1,0,0,0,55.33,0,0,1,SYN Flood
TCP,577,197,197,0,0.341,1,0,0,0,55.33,0,0,1,SYN Flood
TCP,448,151,151,0,0.337,1,0,0,0,55.33,0,0,1,SYN Flood
TCP,984,343,343,0,0.349,1,0,0,0,55.33,0,0,1,SYN Flood
TCP,868,275,275,0,0.317,1,0,0,0,55.33,0,0,1,SYN Flood
TCP,886,886,0,0,1,0,0,0,0,60,0,0,56,SYN Flood
TCP,586,197,197,0,0.336,1,0,0,0,55.33,0,0,1,SYN Flood
HTTP,562,3,3,3,0.005338078,1,1,559,0.995,210.69,0.013,0.018,4,GET Flood
HTTP,607,15,13,13,0.024711697,0.866666667,0.866666667,579,0.954,192.77,0.002,0.027,6,GET Flood
HTTP,843,19,17,17,0.022538553,0.894736842,0.894736842,807,0.957,193.21,0.001,0.023,6,GET Flood
HTTP,863,21,18,18,0.02433372,0.857142857,0.857142857,824,0.955,192.88,0.001,0.022,7,GET Flood
HTTP,591,15,13,13,0.025380711,0.866666667,0.866666667,563,0.953,192.58,0.002,0.031,6,GET Flood
HTTP,596,11,11,11,0.018456376,1,1,574,0.963,194,0.002,0.03,4,GET Flood
HTTP,853,19,17,17,0.022274326,0.894736842,0.894736842,817,0.958,193.28,0.001,0.033,6,GET Flood
HTTP,819,22,18,18,0.026862027,0.818181818,0.818181818,779,0.951,192.39,0.001,0.032,8,GET Flood
HTTP,532,2,2,2,0.003759398,1,1,530,0.996,211.1,0.013,0.031,3,GET Flood
HTTP,88,2,2,2,0.022727273,1,1,84,0.955,192.86,0.012,0.031,4,GET Flood
HTTP,590,3,3,3,0.005084746,1,1,587,0.995,211.55,0.012,0.032,4,GET Flood
HTTP,815,21,17,17,0.025766871,0.80952381,0.80952381,777,0.953,192.69,0.001,0.032,8,GET Flood
HTTP,855,23,19,19,0.026900585,0.826086957,0.826086957,813,0.951,192.36,0.001,0.032,8,GET Flood
HTTP,838,19,18,18,0.022673031,0.947368421,0.947368421,801,0.956,193.03,0.001,0.037,5,GET Flood
HTTP,559,1,1,1,0.001788909,1,1,558,0.998,212.19,0.013,0.039,2,GET Flood
HTTP,85,2,2,2,0.023529412,1,1,81,0.953,192.65,0.012,0.04,4,GET Flood
HTTP,588,15,12,12,0.025510204,0.8,0.8,561,0.954,192.81,0.002,0.04,7,GET Flood
HTTP,591,14,12,12,0.023688663,0.857142857,0.857142857,565,0.956,193.03,0.002,0.041,6,GET Flood
HTTP,75,2,2,2,0.026666667,1,1,71,0.947,191.8,0.014,0.041,4,GET Flood
HTTP,605,0,0,0,0,0,0,605,1,211.71,0.012,0.042,1,GET Flood
HTTP,596,14,13,13,0.023489933,0.928571429,0.928571429,569,0.955,192.88,0.002,0.041,5,GET Flood
HTTP,600,16,15,15,0.026666667,0.9375,0.9375,569,0.948,192.1,0.004,0.041,6,GET Flood
HTTP,593,15,14,14,0.02529511,0.933333333,0.933333333,564,0.951,192.23,0.004,0.042,6,GET Flood
HTTP,881,18,17,17,0.020431328,0.944444444,0.944444444,846,0.96,193.63,0.001,0.042,4,GET Flood
HTTP,795,19,17,17,0.023899371,0.894736842,0.894736842,759,0.955,192.86,0.001,0.041,6,GET Flood
HTTP,476,14,12,12,0.029411765,0.857142857,0.857142857,450,0.945,191.63,0.002,0.042,6,GET Flood
HTTP,86,2,2,2,0.023255814,1,1,82,0.953,192.72,0.012,0.043,4,GET Flood
HTTP,249,6,5,5,0.024096386,0.833333333,0.833333333,238,0.956,193,0.004,0.043,5,GET Flood
HTTP,601,14,12,12,0.023294509,0.857142857,0.857142857,575,0.957,193.16,0.002,0.042,6,GET Flood
HTTP,591,14,13,13,0.023688663,0.928571429,0.928571429,564,0.954,192.82,0.002,0.042,5,GET Flood
HTTP,86,2,2,2,0.023255814,1,1,82,0.953,192.72,0.012,0.043,4,GET Flood
HTTP,602,14,13,13,0.023255814,0.928571429,0.928571429,575,0.955,192.93,0.002,0.044,5,GET Flood
HTTP,84,2,2,2,0.023809524,1,1,80,0.952,192.57,0.013,0.043,4,GET Flood
HTTP,601,5,5,5,0.008319468,1,1,596,0.992,210.49,0.012,0.042,6,GET Flood
HTTP,86,3,2,2,0.034883721,0.666666667,0.666666667,81,0.942,191.27,0.012,0.042,5,GET Flood
HTTP,85,1,1,1,0.011764706,1,1,83,0.976,195.78,0.012,0.042,3,GET Flood
HTTP,600,13,12,12,0.021666667,0.923076923,0.923076923,575,0.958,193.36,0.002,0.042,5,GET Flood
HTTP,862,19,18,18,0.022041763,0.947368421,0.947368421,825,0.957,193.19,0.001,0.042,6,GET Flood
HTTP,862,23,20,20,0.026682135,0.869565217,0.869565217,819,0.95,192.32,0.002,0.041,8,GET Flood
HTTP,608,15,13,13,0.024671053,0.866666667,0.866666667,580,0.954,192.76,0.002,0.04,6,GET Flood
HTTP,590,3,3,3,0.005084746,1,1,587,0.995,211.52,0.012,0.041,4,GET Flood
HTTP,617,2,2,2,0.003241491,1,1,615,0.997,211.21,0.011,0.041,3,GET Flood
HTTP,555,3,3,3,0.005405405,1,1,552,0.995,210.98,0.013,0.041,4,GET Flood
HTTP,86,2,2,2,0.023255814,1,1,82,0.953,192.72,0.012,0.042,4,GET Flood
HTTP,87,2,2,2,0.022988506,1,1,83,0.954,192.79,0.012,0.017,4,GET Flood
HTTP,611,13,13,13,0.021276596,1,1,585,0.957,193.25,0.002,0.048,4,GET Flood
HTTP,85,3,2,2,0.035294118,0.666666667,0.666666667,80,0.941,191.01,0.013,0.074,5,GET Flood
HTTP,574,14,11,11,0.024390244,0.785714286,0.785714286,549,0.956,193.08,0.002,0.073,7,GET Flood
HTTP,850,20,18,18,0.023529412,0.9,0.9,812,0.955,192.96,0.001,0.073,5,GET Flood
HTTP,80,2,3,3,0.025,1.5,1.5,75,0.938,190.59,0.013,0.073,5,GET Flood
HTTP,84,3,2,2,0.035714286,0.666666667,0.666666667,79,0.94,190.92,0.013,0.068,5,GET Flood
HTTP,84,1,1,1,0.011904762,1,1,82,0.976,195.74,0.012,0.065,3,GET Flood
HTTP,588,13,12,12,0.022108844,0.923076923,0.923076923,563,0.957,193.24,0.002,0.061,5,GET Flood
HTTP,434,3,3,3,0.006912442,1,1,431,0.993,210.29,0.016,0.061,4,GET Flood
HTTP,81,2,1,1,0.024691358,0.5,0.5,78,0.963,193.9,0.013,0.059,4,GET Flood
HTTP,605,15,13,13,0.024793388,0.866666667,0.866666667,577,0.954,192.75,0.002,0.063,7,GET Flood
HTTP,593,14,13,13,0.023608769,0.928571429,0.928571429,566,0.954,192.84,0.002,0.062,5,GET Flood
HTTP,841,23,22,22,0.027348395,0.956521739,0.956521739,796,0.946,191.78,0.001,0.066,7,GET Flood
HTTP,617,1,1,1,0.001620746,1,1,616,0.998,211.52,0.011,0.064,2,GET Flood
HTTP,600,13,13,13,0.021666667,1,1,574,0.957,193.14,0.002,0.061,4,GET Flood
HTTP,856,19,16,16,0.022196262,0.842105263,0.842105263,821,0.959,193.46,0.001,0.061,7,GET Flood
HTTP,585,12,12,12,0.020512821,1,1,561,0.959,193.45,0.002,0.062,4,GET Flood
HTTP,571,15,13,13,0.026269702,0.866666667,0.866666667,543,0.951,192.37,0.002,0.062,6,GET Flood
HTTP,603,3,3,3,0.004975124,1,1,600,0.995,210,0.012,0.061,4,GET Flood
HTTP,840,19,18,18,0.022619048,0.947368421,0.947368421,803,0.956,192.93,0.002,0.063,6,GET Flood
HTTP,597,18,17,17,0.030150754,0.944444444,0.944444444,562,0.941,191.1,0.002,0.063,7,GET Flood
HTTP,619,3,3,3,0.004846527,1,1,614,0.992,209.71,0.011,0.062,5,GET Flood
HTTP,591,1,1,1,0.001692047,1,1,590,0.998,212.21,0.012,0.062,2,GET Flood
HTTP,600,12,11,11,0.02,0.916666667,0.916666667,577,0.962,193.8,0.002,0.061,5,GET Flood
HTTP,604,1,1,1,0.001655629,1,1,603,0.998,211.67,0.012,0.06,2,GET Flood
HTTP,597,2,2,2,0.003350084,1,1,594,0.995,210.99,0.012,0.059,4,GET Flood
HTTP,599,11,11,11,0.01836394,1,1,577,0.963,194.02,0.002,0.058,4,GET Flood
HTTP,596,15,15,15,0.025167785,1,1,566,0.95,192.29,0.004,0.057,5,GET Flood
HTTP,88,2,2,2,0.022727273,1,1,84,0.955,192.86,0.012,0.061,4,GET Flood
HTTP,849,20,19,19,0.023557126,0.95,0.95,810,0.954,192.81,0.001,0.06,7,GET Flood
HTTP,594,12,11,11,0.02020202,0.916666667,0.916666667,571,0.961,193.77,0.002,0.06,6,GET Flood
HTTP,89,3,2,2,0.033707865,0.666666667,0.666666667,84,0.944,191.37,0.012,0.059,5,GET Flood
HTTP,592,13,10,10,0.021959459,0.769230769,0.769230769,569,0.961,193.71,0.002,0.058,7,GET Flood
HTTP,81,2,2,2,0.024691358,1,1,77,0.951,192.33,0.013,0.057,4,GET Flood
HTTP,87,2,2,2,0.022988506,1,1,83,0.954,192.79,0.012,0.057,4,GET Flood
HTTP,465,2,2,2,0.004301075,1,1,463,0.996,211.8,0.015,0.058,3,GET Flood
HTTP,846,20,15,15,0.023640662,0.75,0.75,811,0.959,193.37,0.001,0.058,9,GET Flood
HTTP,88,3,2,2,0.034090909,0.666666667,0.666666667,83,0.943,191.28,0.012,0.059,5,GET Flood
HTTP,617,11,11,11,0.017828201,1,1,595,0.964,194.17,0.002,0.058,4,GET Flood
HTTP,84,1,1,1,0.011904762,1,1,82,0.976,195.74,0.012,0.059,3,GET Flood
HTTP,625,15,13,13,0.024,0.866666667,0.866666667,597,0.955,192.93,0.002,0.059,6,GET Flood
HTTP,86,2,2,2,0.023255814,1,1,82,0.953,192.72,0.012,0.057,4,GET Flood
HTTP,861,31,29,29,0.036004646,0.935483871,0.935483871,801,0.93,189.62,0.001,0.057,6,GET Flood
HTTP,81,2,2,2,0.024691358,1,1,77,0.951,192.33,0.013,0.061,4,GET Flood
HTTP,591,14,12,12,0.023688663,0.857142857,0.857142857,565,0.956,193.05,0.002,0.061,6,GET Flood
HTTP,605,2,2,2,0.003305785,1,1,603,0.997,210.88,0.012,0.061,3,GET Flood
HTTP,254,5,5,5,0.019685039,1,1,244,0.961,193.67,0.004,0.061,4,GET Flood
HTTP,609,14,12,12,0.022988506,0.857142857,0.857142857,583,0.957,193.22,0.002,0.06,6,GET Flood
HTTP,86,2,2,2,0.023255814,1,1,82,0.953,192.72,0.012,0.06,4,GET Flood
HTTP,44,0,0,0,0,0,0,44,1,199,0.023,0.061,1,GET Flood
HTTP,84,3,2,2,0.035714286,0.666666667,0.666666667,79,0.94,191.08,0.013,0.061,5,GET Flood
HTTP,261,7,6,6,0.026819923,0.857142857,0.857142857,248,0.95,192.26,0.004,0.064,5,GET Flood
HTTP,888,22,19,19,0.024774775,0.863636364,0.863636364,847,0.954,192.75,0.001,0.063,7,GET Flood
HTTP,656,3,3,3,0.004573171,1,1,653,0.995,211.58,0.011,0.063,4,GET Flood
HTTP,87,2,2,2,0.022988506,1,1,83,0.954,192.79,0.012,0.062,4,GET Flood
HTTP,825,19,17,17,0.023030303,0.894736842,0.894736842,789,0.956,193.08,0.001,0.064,6,GET Flood
HTTP,607,13,13,13,0.021416804,1,1,581,0.957,193.21,0.002,0.063,4,GET Flood
HTTP,855,21,17,17,0.024561404,0.80952381,0.80952381,817,0.956,192.99,0.001,0.064,7,GET Flood
HTTP,85,2,1,1,0.023529412,0.5,0.5,82,0.965,194.21,0.012,0.063,4,GET Flood
HTTP,854,20,17,17,0.023419204,0.85,0.85,817,0.957,193.14,0.001,0.061,7,GET Flood
HTTP,882,21,19,19,0.023809524,0.904761905,0.904761905,842,0.955,192.88,0.001,0.06,7,GET Flood
HTTP,256,5,5,5,0.01953125,1,1,246,0.961,193.71,0.004,0.059,4,GET Flood
HTTP,832,20,18,18,0.024038462,0.9,0.9,794,0.954,192.82,0.001,0.059,6,GET Flood
HTTP,85,2,2,2,0.023529412,1,1,81,0.953,192.65,0.012,0.006,4,GET Flood
HTTP,84,2,2,2,0.023809524,1,1,80,0.952,192.57,0.013,0.005,4,GET Flood
HTTP,86,2,2,2,0.023255814,1,1,82,0.953,192.72,0.012,0.012,4,GET Flood
HTTP,596,15,13,13,0.025167785,0.866666667,0.866666667,568,0.953,192.64,0.002,0.015,6,GET Flood
HTTP,540,1,1,1,0.001851852,1,1,539,0.998,211.79,0.013,0.014,2,GET Flood
HTTP,598,14,12,12,0.023411371,0.857142857,0.857142857,572,0.957,193.12,0.002,0.013,6,GET Flood
HTTP,212,7,6,6,0.033018868,0.857142857,0.857142857,199,0.939,190.77,0.005,0.026,5,GET Flood
HTTP,31,0,0,0,0,0,0,31,1,199,0.032,0.026,1,GET Flood
HTTP,258,6,6,6,0.023255814,1,1,246,0.953,192.72,0.004,0.025,4,GET Flood
HTTP,852,17,18,18,0.019953052,1.058823529,1.058823529,817,0.959,193.44,0.001,0.028,4,GET Flood
HTTP,248,5,5,5,0.02016129,1,1,238,0.96,193.57,0.004,0.028,4,GET Flood
HTTP,866,20,20,20,0.023094688,1,1,826,0.954,192.76,0.001,0.008,7,GET Flood
HTTP,858,19,17,17,0.022144522,0.894736842,0.894736842,822,0.958,193.32,0.001,0.012,5,GET Flood
HTTP,86,2,2,2,0.023255814,1,1,82,0.953,192.72,0.012,0.011,4,GET Flood
HTTP,255,6,5,5,0.023529412,0.833333333,0.833333333,244,0.957,193.15,0.004,0.013,5,GET Flood
HTTP,770,20,18,18,0.025974026,0.9,0.9,732,0.951,192.32,0.001,0.018,6,GET Flood
HTTP,846,19,20,20,0.022458629,1.052631579,1.052631579,807,0.954,192.76,0.001,0.018,5,GET Flood
HTTP,86,2,2,2,0.023255814,1,1,82,0.953,192.72,0.012,0.018,4,GET Flood
HTTP,252,6,6,6,0.023809524,1,1,240,0.952,192.57,0.004,0.017,4,GET Flood
HTTP,577,15,13,13,0.025996534,0.866666667,0.866666667,549,0.951,192.43,0.002,0.009,6,GET Flood
HTTP,628,3,3,3,0.00477707,1,1,625,0.995,210.95,0.011,0.007,4,GET Flood
HTTP,83,2,2,2,0.024096386,1,1,79,0.952,192.49,0.013,0.009,4,GET Flood
HTTP,75,2,2,2,0.026666667,1,1,71,0.947,191.8,0.014,0.014,4,GET Flood
HTTP,860,20,19,19,0.023255814,0.95,0.95,821,0.955,192.87,0.001,0.02,5,GET Flood
HTTP,558,12,12,12,0.021505376,1,1,534,0.957,193.18,0.002,0.022,4,GET Flood
HTTP,852,19,18,18,0.022300469,0.947368421,0.947368421,815,0.957,193.12,0.001,0.027,5,GET Flood
HTTP,222,5,6,6,0.022522523,1.2,1.2,211,0.95,192.3,0.005,0.033,5,GET Flood
HTTP,600,14,13,13,0.023333333,0.928571429,0.928571429,573,0.955,192.91,0.002,0.032,5,GET Flood
HTTP,85,2,2,2,0.023529412,1,1,81,0.953,192.65,0.012,0.031,4,GET Flood
HTTP,848,18,17,17,0.021226415,0.944444444,0.944444444,813,0.959,193.41,0.001,0.03,5,GET Flood
HTTP,89,2,2,2,0.02247191,1,1,85,0.955,192.93,0.012,0.03,4,GET Flood
HTTP,89,2,2,2,0.02247191,1,1,85,0.955,192.93,0.012,0.029,4,GET Flood
HTTP,860,18,16,16,0.020930233,0.888888889,0.888888889,826,0.96,193.65,0.001,0.016,5,GET Flood
HTTP,443,3,3,3,0.006772009,1,1,440,0.993,211.25,0.016,0.04,4,GET Flood
HTTP,578,0,0,0,0,0,0,578,1,211.51,0.012,0.063,1,GET Flood
HTTP,594,1,1,1,0.001683502,1,1,593,0.998,211.62,0.012,0.066,2,GET Flood
HTTP,85,2,2,2,0.023529412,1,1,81,0.953,192.65,0.012,0.068,4,GET Flood
HTTP,600,13,11,11,0.021666667,0.846153846,0.846153846,576,0.96,193.59,0.002,0.075,6,GET Flood
HTTP,608,16,13,13,0.026315789,0.8125,0.8125,579,0.952,192.53,0.002,0.086,7,GET Flood
HTTP,88,2,2,2,0.022727273,1,1,84,0.955,192.86,0.012,0.094,4,GET Flood
HTTP,841,22,18,18,0.026159334,0.818181818,0.818181818,801,0.952,192.55,0.001,0.096,8,GET Flood
HTTP,867,21,18,18,0.024221453,0.857142857,0.857142857,828,0.955,192.91,0.001,0.098,7,GET Flood
HTTP,575,14,13,13,0.024347826,0.928571429,0.928571429,548,0.953,192.65,0.002,0.097,5,GET Flood
HTTP,594,3,3,3,0.005050505,1,1,588,0.99,209.46,0.012,0.094,4,GET Flood
HTTP,86,2,2,2,0.023255814,1,1,82,0.953,192.72,0.012,0.094,4,GET Flood
HTTP,834,20,18,18,0.023980815,0.9,0.9,796,0.954,192.85,0.001,0.092,6,GET Flood
HTTP,855,23,19,19,0.026900585,0.826086957,0.826086957,813,0.951,192.36,0.001,0.092,8,GET Flood
HTTP,623,1,1,1,0.001605136,1,1,621,0.997,211.69,0.011,0.093,3,GET Flood
HTTP,587,13,13,13,0.022146508,1,1,561,0.956,193.01,0.002,0.031,4,GET Flood
HTTP,256,7,6,6,0.02734375,0.857142857,0.857142857,243,0.949,192.15,0.004,0.053,5,GET Flood
HTTP,86,2,2,2,0.023255814,1,1,82,0.953,192.72,0.012,0.055,4,GET Flood
HTTP,386,14,10,10,0.03626943,0.714285714,0.714285714,362,0.938,203.74,0.019,0.067,6,GET Flood
HTTP,347,8,7,7,0.023054755,0.875,0.875,332,0.957,193.14,0.003,0.061,5,GET Flood
HTTP,590,14,14,14,0.023728814,1,1,562,0.953,192.59,0.002,0.071,5,GET Flood
HTTP,74,2,2,2,0.027027027,1,1,70,0.946,191.7,0.014,0.079,4,GET Flood
HTTP,254,9,6,6,0.035433071,0.666666667,0.666666667,239,0.941,190.98,0.004,0.081,7,GET Flood
HTTP,600,15,12,12,0.025,0.8,0.8,573,0.955,192.94,0.002,0.077,7,GET Flood
HTTP,533,4,4,4,0.00750469,1,1,529,0.992,210.12,0.013,0.078,5,GET Flood
HTTP,86,2,2,2,0.023255814,1,1,82,0.953,192.72,0.012,0.075,4,GET Flood
HTTP,604,13,13,13,0.021523179,1,1,578,0.957,193.18,0.002,0.075,4,GET Flood
HTTP,849,20,18,18,0.023557126,0.9,0.9,811,0.955,192.94,0.001,0.072,6,GET Flood
HTTP,84,2,2,2,0.023809524,1,1,80,0.952,192.57,0.013,0.069,4,GET Flood
HTTP,598,14,13,13,0.023411371,0.928571429,0.928571429,571,0.955,192.89,0.002,0.067,5,GET Flood
HTTP,619,6,6,6,0.009693053,1,1,610,0.985,209.95,0.011,0.067,7,GET Flood
HTTP,80,2,2,2,0.025,1,1,76,0.95,192.25,0.013,0.062,4,GET Flood
HTTP,226,6,6,6,0.026548673,1,1,214,0.947,191.83,0.005,0.063,4,GET Flood
HTTP,622,2,2,2,0.003215434,1,1,620,0.997,211.79,0.011,0.01,3,GET Flood
HTTP,602,15,14,14,0.024916944,0.933333333,0.933333333,573,0.952,192.53,0.002,0.009,6,GET Flood
HTTP,601,2,2,2,0.003327787,1,1,599,0.997,210.03,0.012,0.016,3,GET Flood
HTTP,76,2,2,2,0.026315789,1,1,72,0.947,191.89,0.014,0.015,4,GET Flood
HTTP,623,2,2,2,0.003210273,1,1,621,0.997,211.29,0.011,0.014,3,GET Flood
HTTP,90,2,2,2,0.022222222,1,1,86,0.956,193,0.012,0.014,4,GET Flood
HTTP,583,14,12,12,0.024013722,0.857142857,0.857142857,557,0.955,192.98,0.002,0.013,6,GET Flood
HTTP,592,14,13,13,0.023648649,0.928571429,0.928571429,565,0.954,192.83,0.002,0.013,5,GET Flood
HTTP,90,4,2,2,0.044444444,0.5,0.5,84,0.933,189.91,0.012,0.012,6,GET Flood
HTTP,80,2,2,2,0.025,1,1,76,0.95,192.25,0.013,0.012,4,GET Flood
HTTP,597,14,11,11,0.023450586,0.785714286,0.785714286,572,0.958,193.32,0.002,0.006,7,GET Flood
HTTP,836,20,18,18,0.023923445,0.9,0.9,798,0.955,192.84,0.001,0.007,6,GET Flood
HTTP,609,15,13,13,0.024630542,0.866666667,0.866666667,581,0.954,192.8,0.002,0.007,6,GET Flood
HTTP,859,21,20,20,0.024447031,0.952380952,0.952380952,818,0.952,192.61,0.002,0.01,6,GET Flood
HTTP,603,15,13,13,0.024875622,0.866666667,0.866666667,575,0.954,192.78,0.003,0.009,7,GET Flood
HTTP,850,23,18,18,0.027058824,0.782608696,0.782608696,809,0.952,192.48,0.001,0.007,9,GET Flood
HTTP,585,16,13,13,0.027350427,0.8125,0.8125,556,0.95,192.28,0.002,0.01,7,GET Flood
HTTP,87,2,2,2,0.022988506,1,1,83,0.954,192.79,0.012,0.01,4,GET Flood
HTTP,600,2,2,2,0.003333333,1,1,598,0.997,211.65,0.012,0.01,3,GET Flood
HTTP,86,2,2,2,0.023255814,1,1,82,0.953,192.72,0.012,0.009,4,GET Flood
HTTP,846,21,17,17,0.024822695,0.80952381,0.80952381,808,0.955,192.91,0.001,0.015,8,GET Flood
HTTP,592,2,2,2,0.003378378,1,1,590,0.997,211.25,0.012,0.014,3,GET Flood
HTTP,850,21,21,21,0.024705882,1,1,808,0.951,192.42,0.002,0.014,5,GET Flood
HTTP,868,20,19,19,0.023041475,0.95,0.95,829,0.955,192.93,0.001,0.014,5,GET Flood
HTTP,257,5,5,5,0.019455253,1,1,247,0.961,193.73,0.004,0.007,4,GET Flood
HTTP,621,2,2,2,0.003220612,1,1,619,0.997,211.13,0.011,0.011,3,GET Flood
HTTP,846,20,19,19,0.023640662,0.95,0.95,807,0.954,192.77,0.001,0.011,5,GET Flood
HTTP,578,15,13,13,0.025951557,0.866666667,0.866666667,550,0.952,192.44,0.002,0.01,6,GET Flood
HTTP,858,16,15,15,0.018648019,0.9375,0.9375,827,0.964,194.1,0.001,0.009,5,GET Flood
HTTP,599,2,2,2,0.003338898,1,1,597,0.997,211.7,0.012,0.011,3,GET Flood
HTTP,604,13,13,13,0.021523179,1,1,578,0.957,193.18,0.002,0.012,4,GET Flood
HTTP,597,13,12,12,0.021775544,0.923076923,0.923076923,572,0.958,193.34,0.002,0.014,5,GET Flood
HTTP,632,2,2,2,0.003164557,1,1,630,0.997,210.77,0.011,0.014,3,GET Flood
HTTP,568,1,1,1,0.001760563,1,1,567,0.998,212.07,0.012,0.013,2,GET Flood
HTTP,255,6,6,6,0.023529412,1,1,243,0.953,192.65,0.004,0.009,4,GET Flood
HTTP,605,14,13,13,0.023140496,0.928571429,0.928571429,578,0.955,192.96,0.002,0.028,5,GET Flood
HTTP,587,13,13,13,0.022146508,1,1,561,0.956,193.01,0.002,0.021,4,GET Flood
HTTP,860,21,18,18,0.024418605,0.857142857,0.857142857,821,0.955,192.85,0.001,0.019,7,GET Flood
HTTP,594,16,13,13,0.026936027,0.8125,0.8125,565,0.951,192.4,0.002,0.022,7,GET Flood
HTTP,597,2,2,2,0.003350084,1,1,595,0.997,211.29,0.012,0.026,3,GET Flood
HTTP,249,6,5,5,0.024096386,0.833333333,0.833333333,238,0.956,193.09,0.004,0.026,5,GET Flood
HTTP,54,2,2,2,0.037037037,1,1,50,0.926,189,0.02,0.025,4,GET Flood
HTTP,240,7,5,5,0.029166667,0.714285714,0.714285714,228,0.95,192.26,0.004,0.032,6,GET Flood
HTTP,589,2,2,2,0.003395586,1,1,587,0.997,211.7,0.012,0.032,3,GET Flood
HTTP,254,6,6,6,0.023622047,1,1,242,0.953,192.62,0.004,0.014,4,GET Flood
HTTP,873,22,18,18,0.025200458,0.818181818,0.818181818,833,0.954,192.79,0.001,0.017,8,GET Flood
HTTP,83,2,2,2,0.024096386,1,1,79,0.952,192.49,0.013,0.032,4,GET Flood
HTTP,592,1,1,1,0.001689189,1,1,591,0.998,210.69,0.012,0.034,2,GET Flood
HTTP,598,12,10,10,0.02006689,0.833333333,0.833333333,576,0.963,194.01,0.002,0.038,6,GET Flood
HTTP,845,18,18,18,0.021301775,1,1,809,0.957,193.24,0.001,0.04,4,GET Flood
HTTP,603,15,14,14,0.024875622,0.933333333,0.933333333,574,0.952,192.54,0.002,0.041,6,GET Flood
HTTP,858,21,18,18,0.024475524,0.857142857,0.857142857,819,0.955,192.87,0.001,0.051,7,GET Flood
HTTP,84,3,2,2,0.035714286,0.666666667,0.666666667,79,0.94,191.08,0.013,0.053,5,GET Flood
HTTP,507,15,13,13,0.029585799,0.866666667,0.866666667,479,0.945,191.52,0.002,0.056,6,GET Flood
HTTP,632,2,2,2,0.003164557,1,1,630,0.997,211.91,0.011,0.058,3,GET Flood
HTTP,87,2,2,2,0.022988506,1,1,83,0.954,192.79,0.012,0.055,4,GET Flood
HTTP,568,5,5,5,0.008802817,1,1,563,0.991,210.93,0.012,0.054,6,GET Flood
HTTP,86,2,2,2,0.023255814,1,1,82,0.953,192.72,0.012,0.056,4,GET Flood
HTTP,86,1,1,1,0.011627907,1,1,84,0.977,195.81,0.012,0.058,3,GET Flood
HTTP,585,13,11,11,0.022222222,0.846153846,0.846153846,561,0.959,193.44,0.002,0.057,6,GET Flood
HTTP,832,19,18,18,0.022836538,0.947368421,0.947368421,795,0.956,192.98,0.001,0.057,6,GET Flood
HTTP,87,3,2,2,0.034482759,0.666666667,0.666666667,82,0.943,191.2,0.012,0.061,5,GET Flood
HTTP,589,15,13,13,0.025466893,0.866666667,0.866666667,561,0.952,192.56,0.002,0.06,6,GET Flood
HTTP,856,19,18,18,0.022196262,0.947368421,0.947368421,819,0.957,193.15,0.001,0.061,5,GET Flood
HTTP,865,19,19,19,0.021965318,1,1,827,0.956,193.06,0.001,0.06,4,GET Flood
HTTP,599,14,13,13,0.023372287,0.928571429,0.928571429,572,0.955,192.91,0.002,0.06,5,GET Flood
HTTP,604,2,2,2,0.003311258,1,1,602,0.997,210.81,0.012,0.059,3,GET Flood
HTTP,612,1,1,1,0.001633987,1,1,611,0.998,210.9,0.011,0.058,2,GET Flood
HTTP,84,2,2,2,0.023809524,1,1,80,0.952,192.57,0.013,0.056,4,GET Flood
HTTP,592,12,12,12,0.02027027,1,1,568,0.959,193.51,0.002,0.054,4,GET Flood
HTTP,87,1,1,1,0.011494253,1,1,85,0.977,195.85,0.012,0.054,3,GET Flood
HTTP,618,3,3,3,0.004854369,1,1,615,0.995,211.04,0.011,0.053,4,GET Flood
HTTP,78,2,2,2,0.025641026,1,1,74,0.949,192.08,0.014,0.052,4,GET Flood
HTTP,612,13,14,14,0.02124183,1.076923077,1.076923077,585,0.956,193.05,0.002,0.051,4,GET Flood
HTTP,252,6,5,5,0.023809524,0.833333333,0.833333333,241,0.956,193.08,0.004,0.051,5,GET Flood
HTTP,83,2,2,2,0.024096386,1,1,79,0.952,192.49,0.013,0.051,4,GET Flood
HTTP,254,5,5,5,0.019685039,1,1,244,0.961,193.67,0.004,0.051,4,GET Flood
HTTP,833,16,15,15,0.019207683,0.9375,0.9375,802,0.963,193.95,0.001,0.052,5,GET Flood
HTTP,258,6,6,6,0.023255814,1,1,246,0.953,192.72,0.004,0.052,4,GET Flood
HTTP,87,1,1,1,0.011494253,1,1,85,0.977,195.85,0.012,0.052,3,GET Flood
HTTP,723,18,16,16,0.024896266,0.888888889,0.888888889,689,0.953,192.66,0.001,0.052,6,GET Flood
HTTP,596,15,12,12,0.025167785,0.8,0.8,569,0.955,192.89,0.002,0.052,7,GET Flood
HTTP,591,13,12,12,0.021996616,0.923076923,0.923076923,566,0.958,193.27,0.002,0.052,6,GET Flood
HTTP,594,14,14,14,0.023569024,1,1,566,0.953,192.64,0.002,0.051,6,GET Flood
HTTP,596,13,12,12,0.021812081,0.923076923,0.923076923,571,0.958,193.31,0.002,0.051,6,GET Flood
HTTP,83,1,1,1,0.012048193,1,1,81,0.976,195.8,0.012,0.051,3,GET Flood
HTTP,253,6,6,6,0.023715415,1,1,241,0.953,192.6,0.004,0.05,4,GET Flood
HTTP,607,24,23,23,0.039538715,0.958333333,0.958333333,560,0.923,188.6,0.002,0.05,5,GET Flood
HTTP,606,12,12,12,0.01980198,1,1,582,0.96,193.64,0.002,0.049,4,GET Flood
HTTP,255,16,15,15,0.062745098,0.9375,0.9375,224,0.878,182.71,0.004,0.05,5,GET Flood
HTTP,635,16,13,13,0.02519685,0.8125,0.8125,606,0.954,192.81,0.002,0.051,7,GET Flood
HTTP,613,12,11,11,0.019575856,0.916666667,0.916666667,590,0.962,193.92,0.002,0.051,4,GET Flood
HTTP,623,1,1,1,0.001605136,1,1,622,0.998,211.98,0.011,0.051,2,GET Flood
HTTP,237,5,5,5,0.021097046,1,1,227,0.958,193.29,0.004,0.051,4,GET Flood
HTTP,613,14,14,14,0.022838499,1,1,585,0.954,192.83,0.002,0.051,4,GET Flood
HTTP,882,19,19,19,0.02154195,1,1,844,0.957,193.18,0.001,0.051,4,GET Flood
HTTP,615,14,12,12,0.022764228,0.857142857,0.857142857,589,0.958,193.27,0.002,0.051,6,GET Flood
HTTP,84,1,1,1,0.011904762,1,1,82,0.976,195.74,0.012,0.051,3,GET Flood
HTTP,92,12,0,0,0.130434783,0,0,68,0.739,164.22,0.015,0.051,4,GET Flood
HTTP,565,13,13,13,0.02300885,1,1,539,0.954,192.78,0.002,0.051,4,GET Flood
HTTP,574,13,11,11,0.022648084,0.846153846,0.846153846,550,0.958,193.33,0.002,0.051,6,GET Flood
HTTP,606,14,13,13,0.02310231,0.928571429,0.928571429,579,0.955,192.98,0.002,0.051,5,GET Flood
HTTP,84,2,2,2,0.023809524,1,1,80,0.952,192.57,0.013,0.016,4,GET Flood
HTTP,881,18,17,17,0.020431328,0.944444444,0.944444444,846,0.96,193.63,0.001,0.03,5,GET Flood
HTTP,626,2,2,2,0.003194888,1,1,624,0.997,211.09,0.011,0.031,3,GET Flood
HTTP,571,14,12,12,0.024518389,0.857142857,0.857142857,545,0.954,192.82,0.002,0.032,6,GET Flood
HTTP,604,17,13,13,0.028145695,0.764705882,0.764705882,574,0.95,192.27,0.002,0.041,7,GET Flood
HTTP,88,2,2,2,0.022727273,1,1,84,0.955,192.86,0.012,0.038,4,GET Flood
HTTP,606,17,14,14,0.028052805,0.823529412,0.823529412,575,0.949,192.07,0.002,0.034,7,GET Flood
HTTP,856,21,19,19,0.02453271,0.904761905,0.904761905,816,0.953,192.68,0.001,0.037,6,GET Flood
HTTP,895,2,2,2,0.002234637,1,1,893,0.998,211.52,0.008,0.009,3,GET Flood
HTTP,332,2,2,2,0.006024096,1,1,330,0.994,211.45,0.021,0.011,3,GET Flood
HTTP,896,3,3,3,0.003348214,1,1,893,0.997,210.61,0.008,0.012,3,GET Flood
HTTP,290,1,1,1,0.003448276,1,1,289,0.997,210.3,0.024,0.014,2,GET Flood
HTTP,308,0,0,0,0,0,0,308,1,211.18,0.023,0.014,1,GET Flood
HTTP,298,1,1,1,0.003355705,1,1,297,0.997,212.2,0.024,0.013,2,GET Flood
HTTP,301,2,2,2,0.006644518,1,1,301,1,210.93,0.023,0.009,1,GET Flood
HTTP,763,8,8,8,0.010484928,1,1,752,0.986,210.21,0.009,0.028,9,GET Flood
HTTP,680,14,10,10,0.020588235,0.714285714,0.714285714,656,0.965,206.67,0.011,0.021,6,GET Flood
HTTP,838,2,2,2,0.002386635,1,1,836,0.998,211.46,0.008,0.019,3,GET Flood
HTTP,305,1,1,1,0.003278689,1,1,304,0.997,211.69,0.023,0.022,2,GET Flood
HTTP,177,2,2,2,0.011299435,1,1,175,0.989,210.33,0.04,0.026,3,GET Flood
HTTP,317,5,5,5,0.015772871,1,1,309,0.975,208.35,0.023,0.026,6,GET Flood
HTTP,307,3,3,3,0.009771987,1,1,307,1,211.2,0.023,0.025,1,GET Flood
HTTP,309,2,2,2,0.006472492,1,1,309,1,211.97,0.023,0.032,1,GET Flood
HTTP,307,2,2,2,0.006514658,1,1,305,0.993,211.24,0.023,0.032,3,GET Flood
HTTP,300,1,1,1,0.003333333,1,1,299,0.997,211.51,0.023,0.014,2,GET Flood
HTTP,255,3,3,3,0.011764706,1,1,255,1,212.32,0.027,0.017,1,GET Flood
HTTP,283,2,2,2,0.007067138,1,1,281,0.993,210.51,0.025,0.032,3,GET Flood
HTTP,294,2,2,2,0.006802721,1,1,291,0.99,212.8,0.024,0.034,4,GET Flood
HTTP,291,3,3,3,0.010309278,1,1,291,1,211.6,0.024,0.038,1,GET Flood
HTTP,300,1,1,1,0.003333333,1,1,299,0.997,211.07,0.023,0.04,2,GET Flood
HTTP,219,2,2,2,0.00913242,1,1,217,0.991,208.92,0.032,0.041,3,GET Flood
HTTP,288,4,4,4,0.013888889,1,1,284,0.986,211.2,0.025,0.051,5,GET Flood
HTTP,298,1,1,1,0.003355705,1,1,297,0.997,211.2,0.024,0.053,2,GET Flood
HTTP,928,3,3,3,0.003232759,1,1,925,0.997,211,0.008,0.056,4,GET Flood
HTTP,312,1,1,1,0.003205128,1,1,311,0.997,211.2,0.023,0.058,2,GET Flood
HTTP,295,1,1,1,0.003389831,1,1,294,0.997,212.12,0.024,0.055,2,GET Flood
HTTP,301,2,2,2,0.006644518,1,1,299,0.993,210.76,0.023,0.054,3,GET Flood
HTTP,297,2,2,2,0.006734007,1,1,296,0.997,211.35,0.024,0.056,2,GET Flood
HTTP,966,3,3,3,0.00310559,1,1,963,0.997,211.47,0.007,0.058,4,GET Flood
HTTP,835,4,4,4,0.004790419,1,1,831,0.995,210.87,0.008,0.057,5,GET Flood
HTTP,308,2,2,2,0.006493506,1,1,305,0.99,209.7,0.023,0.057,4,GET Flood
HTTP,109,13,10,10,0.119266055,0.769230769,0.769230769,86,0.789,180.45,0.081,0.061,5,GET Flood
HTTP,327,2,2,2,0.006116208,1,1,327,1,211.57,0.021,0.06,1,GET Flood
HTTP,311,2,2,2,0.006430868,1,1,309,0.994,209.99,0.023,0.061,3,GET Flood
HTTP,284,1,1,1,0.003521127,1,1,283,0.996,212.57,0.025,0.06,2,GET Flood
HTTP,304,2,2,2,0.006578947,1,1,304,1,211.64,0.023,0.06,1,GET Flood
HTTP,860,5,5,5,0.005813953,1,1,855,0.994,210.99,0.008,0.059,6,GET Flood
HTTP,920,2,2,2,0.002173913,1,1,918,0.998,211.69,0.008,0.058,3,GET Flood
HTTP,262,2,2,2,0.007633588,1,1,262,1,212.11,0.027,0.056,1,GET Flood
HTTP,306,3,3,3,0.009803922,1,1,306,1,210.85,0.023,0.054,1,GET Flood
HTTP,301,2,2,2,0.006644518,1,1,299,0.993,210.9,0.023,0.054,3,GET Flood
HTTP,286,1,1,1,0.003496503,1,1,285,0.997,210.9,0.025,0.053,2,GET Flood
HTTP,931,2,2,2,0.002148228,1,1,928,0.997,212.08,0.008,0.052,4,GET Flood
HTTP,317,2,2,2,0.006309148,1,1,317,1,212.15,0.022,0.051,1,GET Flood
HTTP,879,3,3,3,0.003412969,1,1,876,0.997,212.23,0.008,0.051,4,GET Flood
HTTP,306,2,2,2,0.006535948,1,1,306,1,210.3,0.023,0.051,1,GET Flood
HTTP,932,2,2,2,0.002145923,1,1,930,0.998,211.17,0.008,0.051,3,GET Flood
HTTP,308,2,2,2,0.006493506,1,1,306,0.994,212.18,0.023,0.052,3,GET Flood
HTTP,273,3,3,3,0.010989011,1,1,273,1,211.71,0.026,0.052,1,GET Flood
HTTP,318,0,0,0,0,0,0,318,1,210.6,0.022,0.052,1,GET Flood
HTTP,294,2,2,2,0.006802721,1,1,292,0.993,210.53,0.024,0.052,3,GET Flood
HTTP,315,2,2,2,0.006349206,1,1,315,1,212,0.022,0.052,1,GET Flood
HTTP,307,1,1,1,0.003257329,1,1,306,0.997,211.64,0.023,0.052,2,GET Flood
HTTP,206,2,2,2,0.009708738,1,1,204,0.99,210.55,0.034,0.051,3,GET Flood
HTTP,820,5,5,5,0.006097561,1,1,812,0.99,209.82,0.009,0.051,6,GET Flood
HTTP,316,2,2,2,0.006329114,1,1,314,0.994,210.04,0.022,0.051,3,GET Flood
HTTP,297,2,2,2,0.006734007,1,1,297,1,211.97,0.024,0.05,1,GET Flood
HTTP,315,1,1,1,0.003174603,1,1,314,0.997,210.61,0.022,0.05,2,GET Flood
HTTP,287,3,3,3,0.010452962,1,1,286,0.997,211.53,0.024,0.049,2,GET Flood
HTTP,291,1,1,1,0.003436426,1,1,290,0.997,211.81,0.024,0.05,2,GET Flood
HTTP,298,3,3,3,0.010067114,1,1,295,0.99,210.17,0.024,0.051,4,GET Flood
HTTP,307,1,1,1,0.003257329,1,1,306,0.997,211.58,0.023,0.051,2,GET Flood
HTTP,288,1,1,1,0.003472222,1,1,287,0.997,210.7,0.024,0.051,2,GET Flood
HTTP,312,1,1,1,0.003205128,1,1,309,0.99,208.57,0.023,0.051,3,GET Flood
HTTP,308,2,2,2,0.006493506,1,1,306,0.994,210.51,0.023,0.051,3,GET Flood
HTTP,292,3,3,3,0.010273973,1,1,290,0.993,211,0.024,0.051,3,GET Flood
HTTP,268,3,3,3,0.01119403,1,1,268,1,210.65,0.026,0.051,1,GET Flood
HTTP,303,3,3,3,0.00990099,1,1,300,0.99,208.94,0.023,0.051,4,GET Flood
HTTP,313,2,2,2,0.006389776,1,1,313,1,211.41,0.022,0.051,1,GET Flood
HTTP,252,1,1,1,0.003968254,1,1,251,0.996,210.85,0.028,0.051,2,GET Flood
HTTP,890,2,2,2,0.002247191,1,1,888,0.998,211.88,0.008,0.051,3,GET Flood
HTTP,914,4,4,4,0.004376368,1,1,910,0.996,210.52,0.008,0.051,5,GET Flood
HTTP,271,3,3,3,0.011070111,1,1,271,1,211.03,0.026,0.016,1,GET Flood
HTTP,300,2,2,2,0.006666667,1,1,298,0.993,208.88,0.023,0.03,3,GET Flood
HTTP,298,2,2,2,0.006711409,1,1,295,0.99,210.25,0.024,0.031,4,GET Flood
HTTP,299,1,1,1,0.003344482,1,1,298,0.997,210.97,0.023,0.032,2,GET Flood
HTTP,214,1,1,1,0.004672897,1,1,213,0.995,212.19,0.033,0.041,2,GET Flood
HTTP,306,2,2,2,0.006535948,1,1,304,0.993,210.72,0.023,0.038,3,GET Flood
HTTP,310,2,2,2,0.006451613,1,1,308,0.994,212,0.023,0.034,3,GET Flood
HTTP,696,3,3,3,0.004310345,1,1,693,0.996,211.19,0.01,0.037,4,GET Flood
HTTP,273,3,3,3,0.010989011,1,1,273,1,211.19,0.026,0.034,1,GET Flood
HTTP,907,4,4,4,0.004410143,1,1,902,0.994,211,0.008,0.035,6,GET Flood
HTTP,908,3,3,3,0.003303965,1,1,905,0.997,211.04,0.008,0.035,4,GET Flood
HTTP,931,3,3,3,0.003222342,1,1,926,0.995,209.84,0.008,0.033,5,GET Flood
HTTP,307,3,3,3,0.009771987,1,1,307,1,212.43,0.023,0.032,1,GET Flood
HTTP,320,3,3,3,0.009375,1,1,320,1,211.45,0.022,0.031,1,GET Flood
HTTP,292,2,2,2,0.006849315,1,1,292,1,212.11,0.024,0.031,1,GET Flood
HTTP,325,1,1,1,0.003076923,1,1,324,0.997,211.87,0.022,0.03,2,GET Flood
HTTP,310,2,2,2,0.006451613,1,1,309,0.997,211.19,0.023,0.03,2,GET Flood
HTTP,301,2,2,2,0.006644518,1,1,301,1,211.22,0.023,0.035,1,GET Flood
HTTP,900,6,6,6,0.006666667,1,1,894,0.993,210.87,0.008,0.034,7,GET Flood
HTTP,302,1,1,1,0.003311258,1,1,301,0.997,210.65,0.023,0.034,2,GET Flood
HTTP,890,3,3,3,0.003370787,1,1,887,0.997,211.2,0.008,0.033,4,GET Flood
HTTP,288,3,3,3,0.010416667,1,1,286,0.993,210.65,0.024,0.032,3,GET Flood
HTTP,290,0,0,0,0,0,0,290,1,212.18,0.024,0.031,1,GET Flood
HTTP,304,1,1,1,0.003289474,1,1,303,0.997,211.32,0.023,0.03,2,GET Flood
HTTP,305,3,3,3,0.009836066,1,1,305,1,212.64,0.023,0.042,1,GET Flood
HTTP,324,1,1,1,0.00308642,1,1,323,0.997,212.08,0.022,0.041,2,GET Flood
HTTP,243,3,3,3,0.012345679,1,1,243,1,211.49,0.029,0.041,1,GET Flood
HTTP,940,2,2,2,0.00212766,1,1,938,0.998,211.52,0.007,0.041,3,GET Flood
HTTP,320,2,2,2,0.00625,1,1,319,0.997,212.88,0.022,0.041,2,GET Flood
HTTP,289,3,3,3,0.010380623,1,1,289,1,212.25,0.024,0.041,1,GET Flood
HTTP,312,1,1,1,0.003205128,1,1,311,0.997,211.5,0.023,0.041,2,GET Flood
HTTP,900,2,2,2,0.002222222,1,1,898,0.998,211.38,0.008,0.041,3,GET Flood
HTTP,317,1,1,1,0.003154574,1,1,316,0.997,211.43,0.022,0.043,2,GET Flood
HTTP,308,1,1,1,0.003246753,1,1,307,0.997,212.28,0.023,0.042,2,GET Flood
HTTP,771,3,3,3,0.003891051,1,1,768,0.996,211.62,0.009,0.043,4,GET Flood
HTTP,296,2,2,2,0.006756757,1,1,296,1,212.86,0.024,0.043,1,GET Flood
HTTP,243,1,1,1,0.004115226,1,1,242,0.996,211.8,0.029,0.042,2,GET Flood
HTTP,858,4,4,4,0.004662005,1,1,854,0.995,210.87,0.008,0.042,5,GET Flood
HTTP,904,3,3,3,0.003318584,1,1,901,0.997,211.21,0.008,0.041,4,GET Flood
HTTP,280,1,1,1,0.003571429,1,1,279,0.996,212.7,0.025,0.041,2,GET Flood
HTTP,247,2,2,2,0.008097166,1,1,245,0.992,210.96,0.029,0.04,3,GET Flood
HTTP,300,1,1,1,0.003333333,1,1,299,0.997,211.1,0.023,0.039,2,GET Flood
HTTP,296,1,1,1,0.003378378,1,1,296,1,210.59,0.024,0.038,1,GET Flood
HTTP,274,2,2,2,0.00729927,1,1,272,0.993,210.76,0.026,0.037,3,GET Flood
HTTP,864,2,2,2,0.002314815,1,1,862,0.998,211.67,0.008,0.038,3,GET Flood
HTTP,203,2,2,2,0.009852217,1,1,202,0.995,210.55,0.035,0.037,2,GET Flood
HTTP,928,2,2,2,0.002155172,1,1,926,0.998,211.25,0.008,0.037,3,GET Flood
HTTP,289,3,3,3,0.010380623,1,1,283,0.979,206.92,0.025,0.04,4,GET Flood
HTTP,909,2,2,2,0.00220022,1,1,907,0.998,211.52,0.008,0.039,3,GET Flood
HTTP,293,1,1,1,0.003412969,1,1,293,1,210.77,0.024,0.04,1,GET Flood
HTTP,304,2,2,2,0.006578947,1,1,304,1,211.63,0.023,0.04,1,GET Flood
HTTP,299,1,1,1,0.003344482,1,1,298,0.997,211.69,0.023,0.04,2,GET Flood
HTTP,901,4,4,4,0.004439512,1,1,897,0.996,211.74,0.008,0.04,5,GET Flood
HTTP,302,1,1,1,0.003311258,1,1,301,0.997,210.91,0.023,0.033,2,GET Flood
HTTP,302,1,1,1,0.003311258,1,1,301,0.997,210.69,0.023,0.032,2,GET Flood
HTTP,309,2,2,2,0.006472492,1,1,309,1,211.75,0.023,0.031,1,GET Flood
HTTP,875,6,6,6,0.006857143,1,1,869,0.993,210.73,0.008,0.03,7,GET Flood
HTTP,302,1,1,1,0.003311258,1,1,301,0.997,212.28,0.023,0.042,2,GET Flood
HTTP,304,3,3,3,0.009868421,1,1,302,0.993,210.28,0.023,0.041,3,GET Flood
